No.,Player,Pos,Ht,Wt,Birth Date,Exp,College,Season
Saddiq Bey,SF,6-7,215,"April 9, 1999",us,2,Villanova,2023
Bogdan Bogdanović,SG,6-5,220,"August 18, 1992",rs,5,,2023
Clint Capela,C,6-10,240,"May 18, 1994",ch,8,,2023
John Collins,PF,6-9,235,"September 23, 1997",us,5,Wake Forest,2023
Jarrett Culver,SF,6-6,195,"February 20, 1999",us,3,Texas Tech,2023
Bruno Fernando,C,6-9,240,"August 15, 1998",ao,3,Maryland,2023
Trent Forrest,SG,6-4,210,"June 12, 1998",us,2,Florida State,2023
AJ Griffin,SF,6-6,222,"August 25, 2003",us,R,Duke,2023
Aaron Holiday,PG,6-0,185,"September 30, 1996",us,4,UCLA,2023
Justin Holiday,SF,6-6,180,"April 5, 1989",us,9,Washington,2023
De'Andre Hunter,SF,6-8,225,"December 2, 1997",us,3,Virginia,2023
Jalen Johnson,SF,6-9,220,"December 18, 2001",us,1,Duke,2023
Frank Kaminsky,C,7-0,240,"April 4, 1993",us,7,Wisconsin,2023
Vit Krejci,PG,6-8,195,"June 19, 2000",cz,1,,2023
Tyrese Martin,SG,6-6,215,"March 7, 1999",us,R,"Rhode Island, UConn",2023
Garrison Mathews,SG,6-5,215,"October 24, 1996",us,3,Lipscomb,2023
Dejounte Murray,SG,6-5,180,"September 19, 1996",us,5,Washington,2023
Onyeka Okongwu,C,6-8,235,"December 11, 2000",us,2,USC,2023
Donovan Williams,SG,6-6,190,"September 6, 2001",us,R,"Texas, UNLV",2023
Trae Young,PG,6-1,164,"September 19, 1998",us,4,Oklahoma,2023
Malcolm Brogdon,PG,6-4,229,"December 11, 1992",us,6,Virginia,2023
Jaylen Brown,SF,6-6,223,"October 24, 1996",us,6,California,2023
Justin Champagnie,SF,6-6,200,"June 29, 2001",us,1,Pitt,2023
JD Davison,SG,6-1,195,"October 3, 2002",us,R,Alabama,2023
Blake Griffin,C,6-9,250,"March 16, 1989",us,12,Oklahoma,2023
Sam Hauser,SF,6-8,215,"December 8, 1997",us,1,"Marquette, Virginia",2023
Al Horford,C,6-9,240,"June 3, 1986",do,15,Florida,2023
Justin Jackson,SF,6-8,220,"March 28, 1995",us,5,UNC,2023
Mfiondu Kabengele,PF,6-9,250,"August 14, 1997",ca,2,Florida State,2023
Luke Kornet,C,7-2,250,"July 15, 1995",us,5,Vanderbilt,2023
Mike Muscala,C,6-10,240,"July 1, 1991",us,9,Bucknell,2023
Payton Pritchard,PG,6-1,195,"January 28, 1998",us,2,Oregon,2023
Marcus Smart,PG,6-3,220,"March 6, 1994",us,8,Oklahoma State,2023
Jayson Tatum,SF,6-8,210,"March 3, 1998",us,5,Duke,2023
Noah Vonleh,C,6-10,257,"August 24, 1995",us,7,Indiana,2023
Derrick White,SG,6-4,190,"July 2, 1994",us,5,"Colorado-Colorado Springs, Colorado",2023
Grant Williams,PF,6-6,236,"November 30, 1998",us,3,Tennessee,2023
Robert Williams,C,6-9,237,"October 17, 1997",us,4,Texas A&M,2023
Mikal Bridges,SG,6-6,209,"August 30, 1996",us,4,Villanova,2023
Moses Brown,C,7-2,245,"October 13, 1999",us,3,UCLA,2023
Nic Claxton,C,6-11,215,"April 17, 1999",us,3,Georgia,2023
Seth Curry,SG,6-1,185,"August 23, 1990",us,8,"Liberty, Duke",2023
Spencer Dinwiddie,PG,6-5,215,"April 6, 1993",us,8,Colorado,2023
David Duke Jr.,SG,6-5,205,"October 13, 1999",us,1,Providence,2023
Kevin Durant,PF,6-11,240,"September 29, 1988",us,14,Texas,2023
Kessler Edwards,SF,6-8,215,"August 9, 2000",us,1,Pepperdine,2023
Dorian Finney-Smith,PF,6-7,220,"May 4, 1993",us,6,Florida,2023
RaiQuan Gray,PF,6-8,260,"July 7, 1999",us,R,Florida State,2023
Joe Harris,SF,6-6,220,"September 6, 1991",us,8,Virginia,2023
Kyrie Irving,PG,6-2,195,"March 23, 1992",au,11,Duke,2023
Cameron Johnson,PF,6-8,210,"March 3, 1996",us,3,"Pitt, UNC",2023
Patty Mills,PG,6-2,180,"August 11, 1988",au,13,Saint Mary's,2023
Markieff Morris,PF,6-9,245,"September 2, 1989",us,11,Kansas,2023
Nerlens Noel,C,6-10,220,"April 10, 1994",us,8,Kentucky,2023
Royce O'Neale,SF,6-4,226,"June 5, 1993",us,5,"Denver, Baylor",2023
Day'Ron Sharpe,C,6-11,265,"November 6, 2001",us,1,UNC,2023
Ben Simmons,PG,6-10,240,"July 20, 1996",au,4,LSU,2023
Dru Smith,SG,6-3,203,"December 30, 1997",us,R,"University of Evansville, Missouri",2023
Edmond Sumner,SG,6-4,196,"December 31, 1995",us,4,Xavier,2023
Cam Thomas,SG,6-4,210,"October 13, 2001",jp,1,LSU,2023
T.J. Warren,PF,6-8,220,"September 5, 1993",us,7,NC State,2023
Yuta Watanabe,SF,6-9,215,"October 13, 1994",jp,4,George Washington,2023
Alondes Williams,SG,6-4,210,"June 19, 1999",us,R,"Triton College, Oklahoma, Wake Forest",2023
LaMelo Ball,PG,6-7,180,"August 22, 2001",us,2,,2023
James Bouknight,SG,6-5,190,"September 18, 2000",us,1,UConn,2023
Gordon Hayward,SF,6-7,225,"March 23, 1990",us,12,Butler,2023
Kai Jones,C,6-11,218,"January 19, 2001",bs,1,Texas,2023
Théo Maledon,PG,6-4,175,"June 12, 2001",fr,2,,2023
Cody Martin,SF,6-5,205,"September 28, 1995",us,3,"NC State, Nevada",2023
Jalen McDaniels,SF,6-9,205,"January 31, 1998",us,3,San Diego State,2023
Bryce McGowens,SG,6-7,179,"November 8, 2002",us,R,Nebraska,2023
Svi Mykhailiuk,SF,6-7,205,"June 10, 1997",ua,4,Kansas,2023
Kelly Oubre Jr.,SF,6-7,203,"December 9, 1995",us,7,Kansas,2023
Mason Plumlee,C,6-10,254,"March 5, 1990",us,9,Duke,2023
Nick Richards,C,7-0,245,"November 29, 1997",jm,2,Kentucky,2023
Terry Rozier,SG,6-1,190,"March 17, 1994",us,7,Louisville,2023
Kobi Simmons,SG,6-5,166,"July 4, 1997",us,2,Arizona,2023
Dennis Smith Jr.,PG,6-2,205,"November 25, 1997",us,5,NC State,2023
Xavier Sneed,SF,6-5,215,"December 21, 1997",us,1,Kansas State,2023
JT Thor,PF,6-10,205,"August 26, 2002",us,1,Auburn,2023
P.J. Washington,PF,6-7,230,"August 23, 1998",us,3,Kentucky,2023
Mark Williams,C,7-0,241,"December 16, 2001",us,R,Duke,2023
Patrick Beverley,PG,6-2,180,"July 12, 1988",us,10,Arkansas,2023
Tony Bradley,C,6-10,248,"January 8, 1998",us,5,UNC,2023
Alex Caruso,PG,6-5,186,"February 28, 1994",us,5,Texas A&M,2023
DeMar DeRozan,SF,6-6,220,"August 7, 1989",us,13,USC,2023
Ayo Dosunmu,SG,6-5,200,"January 17, 2000",us,1,Illinois,2023
Goran Dragić,PG,6-4,190,"May 6, 1986",si,14,,2023
Andre Drummond,C,6-11,279,"August 10, 1993",us,10,UConn,2023
Javonte Green,SF,6-4,205,"July 23, 1993",us,3,Radford,2023
Malcolm Hill,SF,6-6,220,"October 26, 1995",us,1,Illinois,2023
Carlik Jones,PG,6-1,185,"December 23, 1997",us,1,"Radford, Louisville",2023
Derrick Jones Jr.,PF,6-5,210,"February 15, 1997",us,6,UNLV,2023
Zach LaVine,SG,6-5,200,"March 10, 1995",us,8,UCLA,2023
Marko Simonovic,C,6-11,216,"October 15, 1999",me,1,,2023
Terry Taylor,PF,6-5,230,"September 23, 1999",us,1,Austin Peay State University,2023
Dalen Terry,SG,6-7,195,"July 12, 2002",us,R,Arizona,2023
Nikola Vučević,C,6-10,260,"October 24, 1990",ch,11,USC,2023
Coby White,SG,6-5,195,"February 16, 2000",us,3,UNC,2023
Patrick Williams,PF,6-7,215,"August 26, 2001",us,2,Florida State,2023
Jarrett Allen,C,6-11,243,"April 21, 1998",us,5,Texas,2023
Mamadi Diakite,C,6-9,228,"January 21, 1997",gn,2,Virginia,2023
Darius Garland,PG,6-1,192,"January 26, 2000",us,3,Vanderbilt,2023
Danny Green,SG,6-6,215,"June 22, 1987",us,13,UNC,2023
Caris LeVert,SG,6-6,205,"August 25, 1994",us,6,Michigan,2023
Robin Lopez,C,7-1,281,"April 1, 1988",us,14,Stanford,2023
Kevin Love,PF,6-8,251,"September 7, 1988",us,14,UCLA,2023
Sam Merrill,SG,6-4,205,"May 15, 1996",us,2,Utah State University,2023
Donovan Mitchell,SG,6-3,215,"September 7, 1996",us,5,Louisville,2023
Evan Mobley,PF,6-11,215,"June 18, 2001",us,1,USC,2023
Isaiah Mobley,PF,6-8,240,"September 24, 1999",us,R,USC,2023
Raul Neto,PG,6-1,180,"May 19, 1992",br,7,,2023
Isaac Okoro,SF,6-5,225,"January 26, 2001",us,2,Auburn,2023
Cedi Osman,SF,6-7,230,"April 8, 1995",mk,5,,2023
Ricky Rubio,PG,6-2,190,"October 21, 1990",es,11,,2023
Lamar Stevens,SF,6-6,230,"July 9, 1997",us,2,Penn State,2023
Dean Wade,PF,6-9,228,"November 20, 1996",us,3,Kansas State,2023
Dylan Windler,SF,6-6,196,"September 22, 1996",us,2,Belmont,2023
Dāvis Bertāns,PF,6-10,225,"November 12, 1992",lv,6,,2023
Reggie Bullock,SF,6-6,205,"March 16, 1991",us,9,UNC,2023
Facundo Campazzo,PG,5-10,195,"March 23, 1991",ar,2,,2023
Spencer Dinwiddie,SG,6-5,215,"April 6, 1993",us,8,Colorado,2023
Luka Dončić,PG,6-7,230,"February 28, 1999",si,4,,2023
Tyler Dorsey,SF,6-5,183,"February 18, 1996",us,2,Oregon,2023
Dorian Finney-Smith,PF,6-7,220,"May 4, 1993",us,6,Florida,2023
Josh Green,SG,6-5,200,"November 16, 2000",au,2,Arizona,2023
Tim Hardaway Jr.,SF,6-5,205,"March 16, 1992",us,9,Michigan,2023
Jaden Hardy,SG,6-4,198,"July 5, 2002",us,R,,2023
Justin Holiday,SF,6-6,180,"April 5, 1989",us,9,Washington,2023
Kyrie Irving,SG,6-2,195,"March 23, 1992",au,11,Duke,2023
Maxi Kleber,PF,6-10,240,"January 29, 1992",de,5,,2023
A.J. Lawson,SG,6-6,179,"July 15, 2000",ca,R,South Carolina,2023
JaVale McGee,C,7-0,270,"January 19, 1988",us,14,Nevada,2023
Markieff Morris,PF,6-9,245,"September 2, 1989",us,11,Kansas,2023
Frank Ntilikina,SG,6-4,200,"July 28, 1998",be,5,,2023
Theo Pinson,SG,6-5,212,"November 5, 1995",us,4,UNC,2023
Dwight Powell,C,6-10,240,"July 20, 1991",ca,8,Stanford,2023
Chris Silva,PF,6-8,234,"September 19, 1996",ga,3,South Carolina,2023
Kemba Walker,PG,6-0,184,"May 8, 1990",us,11,UConn,2023
Christian Wood,C,6-8,214,"September 27, 1995",us,6,UNLV,2023
McKinley Wright IV,PG,6-0,196,"October 25, 1998",us,1,Colorado,2023
Christian Braun,SG,6-6,218,"April 17, 2001",us,R,Kansas,2023
Bruce Brown,SF,6-4,202,"August 15, 1996",us,4,Miami (FL),2023
Thomas Bryant,C,6-10,248,"July 31, 1997",us,5,Indiana,2023
Kentavious Caldwell-Pope,SG,6-5,204,"February 18, 1993",us,9,Georgia,2023
Vlatko Čančar,PF,6-8,236,"April 10, 1997",si,3,,2023
Aaron Gordon,PF,6-8,235,"September 16, 1995",us,8,Arizona,2023
Jeff Green,PF,6-8,235,"August 28, 1986",us,14,Georgetown,2023
Bones Hyland,PG,6-2,173,"September 14, 2000",us,1,VCU,2023
Reggie Jackson,PG,6-2,208,"April 16, 1990",it,11,Boston College,2023
Nikola Jokić,C,6-11,284,"February 19, 1995",rs,7,,2023
DeAndre Jordan,C,6-11,265,"July 21, 1988",us,14,Texas A&M,2023
Jamal Murray,PG,6-4,215,"February 23, 1997",ca,5,Kentucky,2023
Zeke Nnaji,PF,6-9,240,"January 9, 2001",us,2,Arizona,2023
Michael Porter Jr.,SF,6-10,218,"June 29, 1998",us,3,Missouri,2023
Davon Reed,SG,6-5,208,"June 11, 1995",us,3,Miami (FL),2023
Ish Smith,PG,6-0,175,"July 5, 1988",us,12,Wake Forest,2023
Peyton Watson,SG,6-8,200,"September 11, 2002",us,R,UCLA,2023
Jack White,SF,6-7,225,"August 5, 1997",au,R,Duke,2023
Marvin Bagley III,C,6-10,235,"March 14, 1999",us,4,Duke,2023
Saddiq Bey,SF,6-7,215,"April 9, 1999",us,2,Villanova,2023
Buddy Boeheim,SF,6-6,205,"November 11, 1999",us,R,Syracuse,2023
Bojan Bogdanović,PF,6-7,226,"April 18, 1989",ba,8,,2023
Alec Burks,SG,6-6,214,"July 20, 1991",us,11,Colorado,2023
Cade Cunningham,PG,6-6,220,"September 25, 2001",us,1,Oklahoma State,2023
Hamidou Diallo,SF,6-5,202,"July 31, 1998",us,4,Kentucky,2023
Jalen Duren,C,6-10,250,"November 18, 2003",us,R,Memphis,2023
R.J. Hampton,SG,6-4,175,"February 7, 2001",us,2,,2023
Killian Hayes,PG,6-5,195,"July 27, 2001",us,2,,2023
Jaden Ivey,SG,6-4,195,"February 13, 2002",us,R,Purdue,2023
Cory Joseph,PG,6-2,200,"August 20, 1991",ca,11,Texas,2023
Braxton Key,SF,6-8,230,"February 14, 1997",us,1,"Alabama, Virginia",2023
Kevin Knox,SF,6-7,215,"August 11, 1999",us,4,Kentucky,2023
Isaiah Livers,PF,6-7,230,"July 28, 1998",us,1,Michigan,2023
Rodney McGruder,SG,6-4,205,"July 29, 1991",us,6,Kansas State,2023
Nerlens Noel,C,6-10,220,"April 10, 1994",us,8,Kentucky,2023
Eugene Omoruyi,SF,6-7,244,"February 14, 1997",ng,1,"Rutgers University, Oregon",2023
Jared Rhoden,SG,6-6,210,"August 27, 1999",us,R,Seton Hall,2023
Isaiah Stewart,C,6-8,250,"May 22, 2001",us,2,Washington,2023
Stanley Umude,SG,6-6,210,"April 12, 1999",us,R,"South Dakota, Arkansas",2023
James Wiseman,C,7-0,240,"March 31, 2001",us,1,Memphis,2023
Patrick Baldwin Jr.,SF,6-9,220,"November 18, 2002",us,R,UW-Milwaukee,2023
Stephen Curry,PG,6-2,185,"March 14, 1988",us,13,Davidson,2023
Donte DiVincenzo,SG,6-4,203,"January 31, 1997",us,4,Villanova,2023
Draymond Green,PF,6-6,230,"March 4, 1990",us,10,Michigan State,2023
JaMychal Green,PF,6-8,227,"June 21, 1990",us,8,Alabama,2023
Andre Iguodala,PF,6-6,215,"January 28, 1984",us,18,Arizona,2023
Ty Jerome,SG,6-5,195,"July 8, 1997",us,3,Virginia,2023
Jonathan Kuminga,PF,6-8,210,"October 6, 2002",cd,1,,2023
Anthony Lamb,SF,6-6,227,"January 20, 1998",us,2,University of Vermont,2023
Kevon Looney,C,6-9,222,"February 6, 1996",us,7,UCLA,2023
Moses Moody,SG,6-6,205,"May 31, 2002",us,1,Arkansas,2023
Gary Payton II,SG,6-2,190,"December 1, 1992",us,6,Oregon State,2023
Jordan Poole,PG,6-4,194,"June 19, 1999",us,3,Michigan,2023
Lester Quinones,SG,6-5,208,"November 16, 2000",us,R,Memphis,2023
Ryan Rollins,PG,6-4,180,"July 3, 2002",us,R,Toledo,2023
Klay Thompson,SF,6-6,215,"February 8, 1990",us,9,Washington State,2023
Andrew Wiggins,SF,6-7,197,"February 23, 1995",ca,8,Kansas,2023
James Wiseman,C,7-0,240,"March 31, 2001",us,1,Memphis,2023
Josh Christopher,SG,6-5,215,"December 8, 2001",us,1,Arizona State,2023
Darius Days,SF,6-7,245,"October 20, 1999",us,R,LSU,2023
Tari Eason,PF,6-8,216,"May 10, 2001",us,R,"Cincinnati, LSU",2023
Bruno Fernando,C,6-9,240,"August 15, 1998",ao,3,Maryland,2023
Usman Garuba,C,6-8,220,"March 9, 2002",es,1,,2023
Eric Gordon,SG,6-3,215,"December 25, 1988",us,14,Indiana,2023
Jalen Green,SG,6-4,178,"February 9, 2002",us,1,,2023
Trevor Hudgins,PG,6-0,180,"March 23, 1999",us,R,Northwest Missouri State University,2023
Frank Kaminsky,C,7-0,240,"April 4, 1993",us,7,Wisconsin,2023
Boban Marjanović,C,7-4,290,"August 15, 1988",rs,7,,2023
KJ Martin,SF,6-6,215,"January 6, 2001",us,2,,2023
Garrison Mathews,SG,6-5,215,"October 24, 1996",us,3,Lipscomb,2023
Daishen Nix,PG,6-5,224,"February 13, 2002",us,1,,2023
Kevin Porter Jr.,PG,6-4,203,"May 4, 2000",us,3,USC,2023
Alperen Sengun,C,6-11,235,"July 25, 2002",tr,1,,2023
Jabari Smith Jr.,PF,6-11,220,"May 13, 2003",us,R,Auburn,2023
Jae'Sean Tate,SF,6-4,230,"October 28, 1995",us,2,Ohio State,2023
TyTy Washington Jr.,PG,6-3,197,"November 15, 2001",us,R,Kentucky,2023
Goga Bitadze,C,6-11,250,"July 20, 1999",ge,3,,2023
Oshae Brissett,PF,6-7,210,"June 20, 1998",ca,3,Syracuse,2023
Kendall Brown,SG,6-8,205,"May 11, 2003",us,R,Baylor,2023
Chris Duarte,SF,6-6,190,"June 13, 1997",do,1,Oregon,2023
Tyrese Haliburton,PG,6-5,185,"February 29, 2000",us,2,Iowa State,2023
Buddy Hield,SF,6-4,220,"December 17, 1992",bs,6,Oklahoma,2023
George Hill,SG,6-4,188,"May 4, 1986",us,14,IUPUI,2023
Isaiah Jackson,C,6-10,206,"January 10, 2002",us,1,Kentucky,2023
James Johnson,PF,6-7,240,"February 20, 1987",us,13,Wake Forest,2023
Bennedict Mathurin,SG,6-6,210,"June 19, 2002",ca,R,Arizona,2023
T.J. McConnell,PG,6-1,190,"March 25, 1992",us,7,"Duquesne, Arizona",2023
Andrew Nembhard,SG,6-5,193,"January 16, 2000",ca,R,"Florida, Gonzaga",2023
Aaron Nesmith,SF,6-5,215,"October 16, 1999",us,2,Vanderbilt,2023
Jordan Nwora,SF,6-8,225,"September 9, 1998",us,2,Louisville,2023
Trevelin Queen,SG,6-6,190,"February 25, 1997",us,1,"College of Marin, New Mexico Military Institute, New Mexico State",2023
Jalen Smith,C,6-10,215,"March 16, 2000",us,2,Maryland,2023
Terry Taylor,PF,6-5,230,"September 23, 1999",us,1,Austin Peay State University,2023
Daniel Theis,C,6-8,245,"April 4, 1992",de,5,,2023
Myles Turner,C,6-11,250,"March 24, 1996",us,7,Texas,2023
Gabe York,SG,6-3,185,"August 2, 1993",us,1,Arizona,2023
Nicolas Batum,PF,6-8,230,"December 14, 1988",fr,14,,2023
Brandon Boston Jr.,SF,6-7,185,"November 28, 2001",us,1,Kentucky,2023
Moses Brown,C,7-2,245,"October 13, 1999",us,3,UCLA,2023
Amir Coffey,SF,6-7,210,"June 17, 1997",us,3,Minnesota,2023
Robert Covington,PF,6-7,209,"December 14, 1990",us,9,Tennessee State,2023
Moussa Diabaté,C,6-11,210,"January 21, 2002",fr,R,Michigan,2023
Paul George,SF,6-8,220,"May 2, 1990",us,12,Fresno State,2023
Eric Gordon,SG,6-3,215,"December 25, 1988",us,14,Indiana,2023
Bones Hyland,PG,6-2,173,"September 14, 2000",us,1,VCU,2023
Reggie Jackson,PG,6-2,208,"April 16, 1990",it,11,Boston College,2023
Luke Kennard,SG,6-5,206,"June 24, 1996",us,5,Duke,2023
Kawhi Leonard,SF,6-7,225,"June 29, 1991",us,10,San Diego State,2023
Terance Mann,SG,6-5,215,"October 18, 1996",us,3,Florida State,2023
Xavier Moon,SG,6-2,165,"January 2, 1995",us,1,"Northwest Florida State College, Morehead State University",2023
Marcus Morris,PF,6-8,218,"September 2, 1989",us,11,Kansas,2023
Mason Plumlee,C,6-10,254,"March 5, 1990",us,9,Duke,2023
Norman Powell,SG,6-3,215,"May 25, 1993",us,7,UCLA,2023
Jason Preston,PG,6-4,187,"August 10, 1999",us,R,Ohio University,2023
John Wall,PG,6-3,210,"September 6, 1990",us,10,Kentucky,2023
Russell Westbrook,PG,6-4,200,"November 12, 1988",us,14,UCLA,2023
Ivica Zubac,C,7-0,240,"March 18, 1997",ba,6,,2023
Mo Bamba,C,7-0,231,"May 12, 1998",us,4,Texas,2023
Malik Beasley,SG,6-4,187,"November 26, 1996",us,6,Florida State,2023
Patrick Beverley,SG,6-2,180,"July 12, 1988",us,10,Arkansas,2023
Sterling Brown,SF,6-5,219,"February 10, 1995",us,5,SMU,2023
Troy Brown Jr.,SF,6-6,215,"July 28, 1999",us,4,Oregon,2023
Thomas Bryant,C,6-10,248,"July 31, 1997",us,5,Indiana,2023
Max Christie,SG,6-6,190,"February 10, 2003",us,R,Michigan State,2023
Anthony Davis,C,6-10,253,"March 11, 1993",us,10,Kentucky,2023
Wenyen Gabriel,C,6-9,205,"March 26, 1997",sd,3,Kentucky,2023
Rui Hachimura,PF,6-8,230,"February 8, 1998",jp,3,Gonzaga,2023
Shaquille Harrison,SG,6-4,190,"October 6, 1993",us,5,Tulsa,2023
LeBron James,PF,6-9,250,"December 30, 1984",us,19,,2023
Damian Jones,C,6-11,245,"June 30, 1995",us,6,Vanderbilt,2023
Kendrick Nunn,SG,6-2,190,"August 3, 1995",us,2,"Illinois, Oakland",2023
Scotty Pippen Jr.,PG,6-1,185,"November 10, 2000",us,R,Vanderbilt,2023
Austin Reaves,SG,6-5,206,"May 29, 1998",us,1,"Wichita State, Oklahoma",2023
Davon Reed,SG,6-5,208,"June 11, 1995",us,3,Miami (FL),2023
D'Angelo Russell,PG,6-3,193,"February 23, 1996",us,7,Ohio State,2023
Matt Ryan,SF,6-6,215,"April 17, 1997",us,1,"Notre Dame, Vanderbilt, Chattanooga",2023
Dennis Schröder,PG,6-1,172,"September 15, 1993",de,9,,2023
Cole Swider,SF,6-9,220,"May 8, 1999",us,R,"Villanova, Syracuse",2023
Tristan Thompson,C,6-9,254,"March 13, 1991",ca,11,Texas,2023
Juan Toscano-Anderson,SF,6-6,209,"April 10, 1993",us,3,Marquette,2023
Jarred Vanderbilt,PF,6-8,214,"April 3, 1999",us,4,Kentucky,2023
Lonnie Walker IV,SG,6-4,204,"December 14, 1998",us,4,Miami (FL),2023
Russell Westbrook,PG,6-4,200,"November 12, 1988",us,14,UCLA,2023
Steven Adams,C,6-11,265,"July 20, 1993",nz,9,Pitt,2023
Santi Aldama,PF,6-11,224,"January 10, 2001",es,1,Loyola (MD),2023
Desmond Bane,SG,6-5,215,"June 25, 1998",us,2,TCU,2023
Dillon Brooks,SF,6-6,225,"January 22, 1996",ca,5,Oregon,2023
Kennedy Chandler,PG,6-0,171,"September 16, 2002",us,R,Tennessee,2023
Brandon Clarke,PF,6-8,215,"September 19, 1996",ca,3,"San Jose State, Gonzaga",2023
Jacob Gilyard,PG,5-9,160,"July 14, 1998",us,R,Richmond,2023
Danny Green,SG,6-6,215,"June 22, 1987",us,13,UNC,2023
Jaren Jackson Jr.,C,6-10,242,"September 15, 1999",us,4,Michigan State,2023
Tyus Jones,PG,6-1,196,"May 10, 1996",us,7,Duke,2023
Luke Kennard,SG,6-5,206,"June 24, 1996",us,5,Duke,2023
John Konchar,SF,6-5,210,"March 22, 1996",us,3,Purdue-Fort Wayne,2023
Jake LaRavia,PF,6-8,235,"November 3, 2001",us,R,"Indiana State University, Wake Forest",2023
Kenneth Lofton Jr.,PF,6-7,275,"August 14, 2002",us,R,Louisiana Tech,2023
Ja Morant,PG,6-2,174,"August 10, 1999",us,3,Murray State,2023
David Roddy,PF,6-4,255,"March 27, 2001",us,R,Colorado State,2023
Xavier Tillman Sr.,C,6-8,245,"January 12, 1999",us,2,Michigan State,2023
Vince Williams Jr.,SG,6-4,205,"August 30, 2000",us,R,VCU,2023
Ziaire Williams,SF,6-9,215,"September 12, 2001",us,1,Stanford,2023
Bam Adebayo,C,6-9,255,"July 18, 1997",us,5,Kentucky,2023
Jamaree Bouyea,PG,6-2,180,"June 27, 1999",us,R,San Francisco,2023
Jimmy Butler,PF,6-7,230,"September 14, 1989",us,11,Marquette,2023
Jamal Cain,PF,6-7,191,"March 20, 1999",us,R,"Marquette, Oakland",2023
Dewayne Dedmon,C,7-0,245,"August 12, 1989",us,9,USC,2023
Udonis Haslem,C,6-8,235,"June 9, 1980",us,19,Florida,2023
Tyler Herro,SG,6-5,195,"January 20, 2000",us,3,Kentucky,2023
Haywood Highsmith,PF,6-7,220,"December 9, 1996",us,2,Wheeling University,2023
Nikola Jović,PF,6-10,209,"June 9, 2003",gb,R,,2023
Kevin Love,PF,6-8,251,"September 7, 1988",us,14,UCLA,2023
Kyle Lowry,PG,6-0,196,"March 25, 1986",us,16,Villanova,2023
Caleb Martin,SF,6-5,205,"September 28, 1995",us,3,"NC State, Nevada",2023
Victor Oladipo,SG,6-3,213,"May 4, 1992",us,9,Indiana,2023
Duncan Robinson,SF,6-7,215,"April 22, 1994",us,4,"Williams, Michigan",2023
Orlando Robinson,C,7-0,235,"July 10, 2000",us,R,Fresno State,2023
Dru Smith,SG,6-3,203,"December 30, 1997",us,R,"University of Evansville, Missouri",2023
Max Strus,SF,6-5,215,"March 28, 1996",us,3,"Lewis (IL), DePaul",2023
Gabe Vincent,PG,6-3,195,"June 14, 1996",us,3,UC Santa Barbara,2023
Omer Yurtseven,C,7-0,264,"June 19, 1998",tr,1,"NC State, Georgetown",2023
Cody Zeller,C,6-11,240,"October 5, 1992",us,9,Indiana,2023
Grayson Allen,SG,6-4,198,"October 8, 1995",us,4,Duke,2023
Giannis Antetokounmpo,PF,6-11,242,"December 6, 1994",gr,9,,2023
Thanasis Antetokounmpo,PF,6-7,219,"July 18, 1992",gr,4,,2023
MarJon Beauchamp,SF,6-6,199,"October 12, 2000",us,R,Yakima Valley Community College,2023
Jevon Carter,PG,6-1,200,"September 14, 1995",us,4,West Virginia,2023
Pat Connaughton,SF,6-5,209,"January 6, 1993",us,7,Notre Dame,2023
Jae Crowder,PF,6-6,235,"July 6, 1990",us,10,Marquette,2023
Goran Dragić,PG,6-4,190,"May 6, 1986",si,14,,2023
A.J. Green,SG,6-4,200,"September 27, 1999",us,R,University of Northern Iowa,2023
George Hill,PG,6-4,188,"May 4, 1986",us,14,IUPUI,2023
Jrue Holiday,PG,6-4,205,"June 12, 1990",us,13,UCLA,2023
Serge Ibaka,C,6-11,235,"September 18, 1989",cg,13,,2023
Joe Ingles,SF,6-9,220,"October 2, 1987",au,8,,2023
Meyers Leonard,C,7-0,260,"February 27, 1992",us,9,Illinois,2023
Brook Lopez,C,7-1,282,"April 1, 1988",us,14,Stanford,2023
Sandro Mamukelashvili,C,6-11,240,"May 23, 1999",us,1,Seton Hall,2023
Wesley Matthews,SF,6-5,220,"October 14, 1986",us,13,Marquette,2023
Khris Middleton,SF,6-7,222,"August 12, 1991",us,10,Texas A&M,2023
Jordan Nwora,SF,6-8,225,"September 9, 1998",us,2,Louisville,2023
Bobby Portis,PF,6-10,250,"February 10, 1995",us,7,Arkansas,2023
Lindell Wigginton,PG,6-2,189,"March 28, 1998",ca,1,Iowa State,2023
Nickeil Alexander-Walker,SG,6-5,205,"September 2, 1998",ca,3,Virginia Tech,2023
Kyle Anderson,PF,6-9,230,"September 20, 1993",us,8,UCLA,2023
Mike Conley,PG,6-0,175,"October 11, 1987",us,15,Ohio State,2023
Anthony Edwards,SG,6-4,225,"August 5, 2001",us,2,Georgia,2023
Bryn Forbes,SG,6-2,205,"July 23, 1993",us,6,Michigan State,2023
Luka Garza,C,6-10,235,"December 27, 1998",us,1,Iowa,2023
Rudy Gobert,C,7-1,258,"June 26, 1992",fr,9,,2023
Nathan Knight,C,6-8,253,"September 20, 1997",us,2,William & Mary,2023
A.J. Lawson,SG,6-6,179,"July 15, 2000",ca,R,South Carolina,2023
Jaden McDaniels,SF,6-9,185,"September 29, 2000",us,2,Washington,2023
Jordan McLaughlin,PG,6-0,185,"April 9, 1996",us,3,USC,2023
Josh Minott,SF,6-8,205,"November 25, 2002",us,R,Memphis,2023
Wendell Moore Jr.,SG,6-5,213,"September 18, 2001",us,R,Duke,2023
Jaylen Nowell,SG,6-4,201,"July 9, 1999",us,3,Washington,2023
Taurean Prince,PF,6-6,218,"March 22, 1994",us,6,Baylor,2023
Naz Reid,C,6-9,264,"August 26, 1999",us,3,LSU,2023
Austin Rivers,SG,6-4,200,"August 1, 1992",us,10,Duke,2023
D'Angelo Russell,PG,6-3,193,"February 23, 1996",us,7,Ohio State,2023
Matt Ryan,SF,6-6,215,"April 17, 1997",us,1,"Notre Dame, Vanderbilt, Chattanooga",2023
Karl-Anthony Towns,PF,7-0,248,"November 15, 1995",us,7,Kentucky,2023
Jose Alvarado,PG,6-0,179,"April 12, 1998",us,1,Georgia Tech,2023
Dyson Daniels,PG,6-8,199,"March 17, 2003",au,R,,2023
Devonte' Graham,PG,6-1,195,"February 22, 1995",us,4,Kansas,2023
Jaxson Hayes,C,7-0,220,"May 23, 2000",us,3,Texas,2023
Willy Hernangómez,C,6-11,250,"May 27, 1994",es,6,,2023
Brandon Ingram,SF,6-8,190,"September 2, 1997",us,6,Duke,2023
Herbert Jones,PF,6-8,210,"October 6, 1998",us,1,Alabama,2023
Kira Lewis Jr.,PG,6-1,170,"April 6, 2001",us,2,Alabama,2023
Naji Marshall,SF,6-7,220,"January 24, 1998",us,2,Xavier,2023
CJ McCollum,PG,6-3,190,"September 19, 1991",us,9,Lehigh,2023
Trey Murphy III,SF,6-8,206,"June 18, 2000",us,1,"Rice University, Virginia",2023
Larry Nance Jr.,C,6-8,245,"January 1, 1993",us,7,Wyoming,2023
Josh Richardson,SG,6-5,200,"September 15, 1993",us,7,Tennessee,2023
Dereon Seabron,SG,6-7,180,"May 26, 2000",us,R,NC State,2023
Garrett Temple,SG,6-5,195,"May 8, 1986",us,12,LSU,2023
Jonas Valančiūnas,C,6-11,265,"May 6, 1992",lt,10,,2023
Zion Williamson,PF,6-6,284,"July 6, 2000",us,2,Duke,2023
Ryan Arcidiacono,PG,6-3,195,"March 26, 1994",us,5,Villanova,2023
RJ Barrett,SG,6-6,214,"June 14, 2000",ca,3,Duke,2023
Jalen Brunson,PG,6-2,190,"August 31, 1996",us,4,Villanova,2023
Evan Fournier,SG,6-6,205,"October 29, 1992",fr,10,,2023
Quentin Grimes,SG,6-5,205,"May 8, 2000",us,1,"Kansas, Houston",2023
Josh Hart,SF,6-4,215,"March 6, 1995",us,5,Villanova,2023
Isaiah Hartenstein,C,7-0,250,"May 5, 1998",us,4,,2023
DaQuan Jeffries,SG,6-5,230,"August 30, 1997",us,3,"Oral Roberts, Tulsa",2023
Trevor Keels,SG,6-5,221,"August 26, 2003",us,R,Duke,2023
Miles McBride,PG,6-2,200,"September 8, 2000",us,1,West Virginia,2023
Svi Mykhailiuk,SF,6-7,205,"June 10, 1997",ua,4,Kansas,2023
Immanuel Quickley,SG,6-3,190,"June 17, 1999",us,2,Kentucky,2023
Julius Randle,PF,6-8,250,"November 29, 1994",us,8,Kentucky,2023
Cam Reddish,SF,6-8,218,"September 1, 1999",us,3,Duke,2023
Mitchell Robinson,C,7-0,240,"April 1, 1998",us,4,Western Kentucky,2023
Derrick Rose,PG,6-3,200,"October 4, 1988",us,13,Memphis,2023
Jericho Sims,C,6-10,245,"October 20, 1998",us,1,Texas,2023
Obi Toppin,PF,6-9,220,"March 4, 1998",us,2,Dayton,2023
Darius Bazley,C,6-8,208,"June 12, 2000",us,3,,2023
Jared Butler,PG,6-3,195,"August 25, 2000",us,1,Baylor,2023
Ousmane Dieng,PF,6-10,216,"May 21, 2003",fr,R,,2023
Luguentz Dort,SF,6-3,215,"April 19, 1999",ca,3,Arizona State,2023
Josh Giddey,PF,6-8,210,"October 10, 2002",au,1,,2023
Shai Gilgeous-Alexander,PG,6-6,180,"July 12, 1998",ca,4,Kentucky,2023
Isaiah Joe,SG,6-4,165,"July 2, 1999",us,2,Arkansas,2023
Tre Mann,PG,6-3,178,"February 3, 2001",us,1,Florida,2023
Mike Muscala,C,6-10,240,"July 1, 1991",us,9,Bucknell,2023
Eugene Omoruyi,SF,6-7,244,"February 14, 1997",ng,1,"Rutgers University, Oregon",2023
Aleksej Pokusevski,PF,7-0,190,"December 26, 2001",rs,2,,2023
Jeremiah Robinson-Earl,PF,6-9,230,"November 3, 2000",us,1,Villanova,2023
Dario Šarić,C,6-10,225,"April 8, 1994",hr,5,,2023
Olivier Sarr,C,7-0,237,"February 20, 1999",fr,1,"Wake Forest, Kentucky",2023
Lindy Waters III,SG,6-6,215,"July 28, 1997",us,1,Oklahoma State,2023
Aaron Wiggins,SG,6-6,200,"January 2, 1999",us,1,Maryland,2023
Jalen Williams,SG,6-5,195,"April 14, 2001",us,R,Santa Clara,2023
Jaylin Williams,C,6-9,240,"June 29, 2002",us,R,Arkansas,2023
Kenrich Williams,PF,6-6,210,"December 2, 1994",us,4,TCU,2023
Cole Anthony,PG,6-2,185,"May 15, 2000",us,2,UNC,2023
Mo Bamba,C,7-0,231,"May 12, 1998",us,4,Texas,2023
Paolo Banchero,PF,6-10,250,"November 12, 2002",us,R,Duke,2023
Goga Bitadze,C,6-11,250,"July 20, 1999",ge,3,,2023
Bol Bol,PF,7-3,220,"November 16, 1999",sd,3,Oregon,2023
Wendell Carter Jr.,C,6-10,270,"April 16, 1999",us,4,Duke,2023
Michael Carter-Williams,PG,6-5,190,"October 10, 1991",us,8,Syracuse,2023
Markelle Fultz,PG,6-4,209,"May 29, 1998",us,5,Washington,2023
R.J. Hampton,SG,6-4,175,"February 7, 2001",us,2,,2023
Gary Harris,SG,6-4,210,"September 14, 1994",us,8,Michigan State,2023
Kevon Harris,SG,6-5,216,"June 24, 1997",us,R,Stephen F. Austin,2023
Caleb Houstan,SF,6-8,205,"January 9, 2003",ca,R,Michigan,2023
Jonathan Isaac,PF,6-10,230,"October 3, 1997",us,3,Florida State,2023
Chuma Okeke,SF,6-6,229,"August 18, 1998",us,2,Auburn,2023
Terrence Ross,SG,6-6,206,"February 5, 1991",us,10,Washington,2023
Admiral Schofield,PF,6-5,241,"March 30, 1997",gb,2,Tennessee,2023
Jay Scrubb,SG,6-5,220,"September 1, 2000",us,2,John A. Logan College,2023
Jalen Suggs,SG,6-5,205,"June 3, 2001",us,1,Gonzaga,2023
Franz Wagner,SF,6-10,225,"August 27, 2001",de,1,Michigan,2023
Moritz Wagner,C,6-11,245,"April 26, 1997",de,4,Michigan,2023
Julian Champagnie,SF,6-8,220,"June 29, 2001",us,R,St. John's,2023
Dewayne Dedmon,C,7-0,245,"August 12, 1989",us,9,USC,2023
Joel Embiid,C,7-0,280,"March 16, 1994",cm,6,Kansas,2023
Michael Foster Jr.,PF,6-8,250,"January 16, 2003",us,R,,2023
James Harden,PG,6-5,220,"August 26, 1989",us,13,Arizona State,2023
Montrezl Harrell,C,6-7,240,"January 26, 1994",us,7,Louisville,2023
Tobias Harris,SF,6-8,226,"July 15, 1992",us,11,Tennessee,2023
Danuel House Jr.,SF,6-6,220,"June 7, 1993",us,6,Texas A&M,2023
Louis King,PF,6-7,205,"April 6, 1999",us,3,Oregon,2023
Furkan Korkmaz,SG,6-7,202,"July 24, 1997",tr,5,,2023
Saben Lee,PG,6-2,183,"June 23, 1999",us,2,Vanderbilt,2023
Tyrese Maxey,SG,6-2,200,"November 4, 2000",us,2,Kentucky,2023
Mac McClung,SG,6-2,185,"January 6, 1999",us,1,"Georgetown, Texas Tech",2023
Jalen McDaniels,SF,6-9,205,"January 31, 1998",us,3,San Diego State,2023
De'Anthony Melton,SG,6-2,200,"May 28, 1998",us,4,USC,2023
Shake Milton,SG,6-5,205,"September 26, 1996",us,4,SMU,2023
Georges Niang,PF,6-7,230,"June 17, 1993",us,6,Iowa State,2023
Paul Reed,C,6-9,210,"June 14, 1999",us,2,DePaul,2023
Jaden Springer,SG,6-4,204,"September 25, 2002",us,1,Tennessee,2023
Matisse Thybulle,SF,6-5,201,"March 4, 1997",us,3,Washington,2023
P.J. Tucker,PF,6-5,245,"May 5, 1985",us,11,Texas,2023
Deandre Ayton,C,7-0,250,"July 23, 1998",bs,4,Arizona,2023
Darius Bazley,C,6-8,208,"June 12, 2000",us,3,,2023
Bismack Biyombo,C,6-8,255,"August 28, 1992",cd,11,,2023
Devin Booker,SG,6-6,206,"October 30, 1996",us,7,Kentucky,2023
Mikal Bridges,SF,6-6,209,"August 30, 1996",us,4,Villanova,2023
Torrey Craig,PF,6-7,221,"December 19, 1990",us,5,USC Upstate,2023
Kevin Durant,PF,6-11,240,"September 29, 1988",us,14,Texas,2023
Cameron Johnson,PF,6-8,210,"March 3, 1996",us,3,"Pitt, UNC",2023
Jock Landale,C,6-11,256,"October 25, 1995",au,1,Saint Mary's,2023
Damion Lee,SG,6-5,210,"October 21, 1992",us,5,"Drexel, Louisville",2023
Saben Lee,PG,6-2,183,"June 23, 1999",us,2,Vanderbilt,2023
Josh Okogie,SG,6-4,213,"September 1, 1998",ng,4,Georgia Tech,2023
Chris Paul,PG,6-0,175,"May 6, 1985",us,17,Wake Forest,2023
Cameron Payne,PG,6-3,183,"August 8, 1994",us,7,Murray State,2023
Terrence Ross,SG,6-6,206,"February 5, 1991",us,10,Washington,2023
Dario Šarić,PF,6-10,225,"April 8, 1994",hr,5,,2023
Landry Shamet,SG,6-4,190,"March 13, 1997",us,4,Wichita State,2023
Ish Wainright,SF,6-6,250,"September 12, 1994",us,1,Baylor,2023
T.J. Warren,SF,6-8,220,"September 5, 1993",us,7,NC State,2023
Duane Washington Jr.,SG,6-3,210,"March 24, 2000",de,1,Ohio State,2023
Ryan Arcidiacono,PG,6-3,195,"March 26, 1994",us,5,Villanova,2023
Greg Brown III,PF,6-7,205,"September 1, 2001",us,1,Texas,2023
John Butler,C,7-0,175,"December 4, 2002",us,R,Florida State,2023
Chance Comanche,C,6-10,210,"April 14, 1996",us,R,Arizona,2023
Drew Eubanks,C,6-9,245,"February 1, 1997",us,4,Oregon State,2023
Jerami Grant,PF,6-7,210,"March 12, 1994",us,8,Syracuse,2023
Shaquille Harrison,SG,6-4,190,"October 6, 1993",us,5,Tulsa,2023
Josh Hart,SF,6-4,215,"March 6, 1995",us,5,Villanova,2023
Keon Johnson,SG,6-5,186,"March 10, 2002",us,1,Tennessee,2023
Kevin Knox,PF,6-7,215,"August 11, 1999",us,4,Kentucky,2023
Damian Lillard,PG,6-2,195,"July 15, 1990",us,10,Weber State,2023
Nassir Little,SF,6-5,220,"February 11, 2000",us,3,UNC,2023
Skylar Mays,PG,6-4,205,"September 5, 1997",us,2,LSU,2023
Justin Minaya,SF,6-5,210,"March 26, 1999",us,R,,2023
Jusuf Nurkić,C,7-0,290,"August 23, 1994",ba,8,,2023
Gary Payton II,SG,6-2,190,"December 1, 1992",us,6,Oregon State,2023
Cam Reddish,SF,6-8,218,"September 1, 1999",us,3,Duke,2023
Shaedon Sharpe,SG,6-6,200,"May 30, 2003",ca,R,Kentucky,2023
Anfernee Simons,SG,6-3,181,"June 8, 1999",us,4,,2023
Matisse Thybulle,SG,6-5,201,"March 4, 1997",us,3,Washington,2023
Jabari Walker,SF,6-9,215,"July 30, 2002",us,R,Colorado,2023
Trendon Watford,PF,6-9,240,"November 9, 2000",us,1,LSU,2023
Jeenathan Williams,SG,6-5,205,"February 12, 1999",us,R,Buffalo,2023
Justise Winslow,PF,6-6,222,"March 26, 1996",us,7,Duke,2023
Harrison Barnes,PF,6-8,225,"May 30, 1992",us,10,UNC,2023
Deonte Burton,PF,6-4,240,"January 31, 1994",us,2,"Marquette, Iowa State",2023
Terence Davis,SG,6-4,201,"May 16, 1997",us,3,Ole Miss,2023
Matthew Dellavedova,PG,6-3,200,"September 8, 1990",au,8,Saint Mary's,2023
PJ Dozier,SF,6-6,205,"October 25, 1996",us,5,South Carolina,2023
Kessler Edwards,SF,6-8,215,"August 9, 2000",us,1,Pepperdine,2023
Keon Ellis,SG,6-6,175,"January 8, 2000",us,R,"Florida SouthWestern State College, Alabama",2023
De'Aaron Fox,PG,6-3,185,"December 20, 1997",us,5,Kentucky,2023
Richaun Holmes,C,6-10,235,"October 15, 1993",us,7,Bowling Green,2023
Kevin Huerter,SG,6-7,190,"August 27, 1998",us,4,Maryland,2023
Alex Len,C,7-0,250,"June 16, 1993",ua,9,Maryland,2023
Trey Lyles,PF,6-9,234,"November 5, 1995",ca,7,Kentucky,2023
Chimezie Metu,PF,6-9,225,"March 22, 1997",us,4,USC,2023
Davion Mitchell,PG,6-2,205,"September 5, 1998",us,1,"Auburn, Baylor",2023
Chima Moneke,SF,6-6,222,"December 24, 1995",ng,R,"Northeast Community College, UC-Davis",2023
Malik Monk,SG,6-3,200,"February 4, 1998",us,5,Kentucky,2023
Keegan Murray,SF,6-8,215,"August 19, 2000",us,R,Iowa,2023
KZ Okpala,PF,6-8,215,"April 28, 1999",us,3,Stanford,2023
Neemias Queta,C,7-0,245,"July 13, 1999",pt,1,Utah State University,2023
Domantas Sabonis,C,6-10,240,"May 3, 1996",us,6,Gonzaga,2023
Dominick Barlow,PF,6-9,221,"May 26, 2003",us,R,,2023
Charles Bassey,C,6-10,235,"October 28, 2000",ng,1,Western Kentucky,2023
Keita Bates-Diop,PF,6-8,229,"January 23, 1996",us,4,Ohio State,2023
Malaki Branham,SG,6-4,180,"May 12, 2003",us,R,Ohio State,2023
Julian Champagnie,SF,6-8,220,"June 29, 2001",us,R,St. John's,2023
Zach Collins,C,6-11,250,"November 19, 1997",us,4,Gonzaga,2023
Gorgui Dieng,C,6-10,252,"January 18, 1990",sn,9,Louisville,2023
Devonte' Graham,PG,6-1,195,"February 22, 1995",us,4,Kansas,2023
Jordan Hall,SF,6-7,215,"January 14, 2002",us,R,Saint Joseph's,2023
Alize Johnson,PF,6-7,212,"April 22, 1996",us,4,Missouri State,2023
Keldon Johnson,SF,6-5,220,"October 11, 1999",us,3,Kentucky,2023
Stanley Johnson,SF,6-6,242,"May 29, 1996",us,7,Arizona,2023
Tre Jones,PG,6-1,185,"January 8, 2000",us,2,Duke,2023
Romeo Langford,SG,6-5,216,"October 25, 1999",us,3,Indiana,2023
Sandro Mamukelashvili,C,6-11,240,"May 23, 1999",us,1,Seton Hall,2023
Doug McDermott,SF,6-6,225,"January 3, 1992",us,8,Creighton,2023
Jakob Poeltl,C,7-0,245,"October 15, 1995",at,6,Utah,2023
Joshua Primo,SG,6-6,190,"December 24, 2002",ca,1,Alabama,2023
Josh Richardson,SG,6-5,200,"September 15, 1993",us,7,Tennessee,2023
Isaiah Roby,PF,6-8,230,"February 3, 1998",us,3,Nebraska,2023
Jeremy Sochan,PF,6-8,230,"May 20, 2003",us,R,Baylor,2023
Devin Vassell,SG,6-5,200,"August 23, 2000",us,2,Florida State,2023
Blake Wesley,SG,6-5,185,"March 16, 2003",us,R,Notre Dame,2023
Precious Achiuwa,C,6-8,225,"September 19, 1999",ng,2,Memphis,2023
OG Anunoby,SF,6-7,232,"July 17, 1997",gb,5,Indiana,2023
Dalano Banton,PG,6-9,204,"November 7, 1999",ca,1,Nebraska,2023
Scottie Barnes,SF,6-7,227,"August 1, 2001",us,1,Florida State,2023
Will Barton,SG,6-5,181,"January 6, 1991",us,10,Memphis,2023
Khem Birch,C,6-9,233,"September 28, 1992",ca,5,"Pitt, UNLV",2023
Chris Boucher,PF,6-9,200,"January 11, 1993",lc,5,Oregon,2023
Justin Champagnie,SF,6-6,200,"June 29, 2001",us,1,Pitt,2023
Jeff Dowtin,PG,6-3,185,"May 10, 1997",us,1,Rhode Island,2023
Malachi Flynn,PG,6-1,175,"May 10, 1998",us,2,"Washington State, San Diego State",2023
Ron Harper Jr.,PF,6-6,245,"April 12, 2000",us,R,Rutgers University,2023
Juancho Hernangómez,PF,6-9,214,"September 28, 1995",es,6,,2023
Christian Koloko,C,7-1,230,"June 20, 2000",cm,R,Arizona,2023
Jakob Poeltl,C,7-0,245,"October 15, 1995",at,6,Utah,2023
Otto Porter Jr.,SF,6-8,198,"June 3, 1993",us,9,Georgetown,2023
Pascal Siakam,PF,6-8,230,"April 2, 1994",cm,6,New Mexico State,2023
Gary Trent Jr.,SG,6-5,209,"January 18, 1999",us,4,Duke,2023
Fred VanVleet,PG,6-0,197,"February 25, 1994",us,6,Wichita State,2023
Joe Wieskamp,SF,6-6,212,"August 23, 1999",us,1,Iowa,2023
Thaddeus Young,PF,6-8,235,"June 21, 1988",us,15,Georgia Tech,2023
Ochai Agbaji,SG,6-5,215,"April 20, 2000",us,R,Kansas,2023
Nickeil Alexander-Walker,SG,6-5,205,"September 2, 1998",ca,3,Virginia Tech,2023
Udoka Azubuike,C,6-10,280,"September 17, 1999",ng,2,Kansas,2023
Malik Beasley,SG,6-4,187,"November 26, 1996",us,6,Florida State,2023
Leandro Bolmaro,SF,6-6,200,"September 11, 2000",ar,1,,2023
Jarrell Brantley,PF,6-5,250,"June 7, 1996",us,2,College of Charleston,2023
Jordan Clarkson,SG,6-3,194,"June 7, 1992",us,8,"Tulsa, Missouri",2023
Mike Conley,PG,6-0,175,"October 11, 1987",us,15,Ohio State,2023
Kris Dunn,PG,6-3,205,"March 18, 1994",us,6,Providence,2023
Simone Fontecchio,SF,6-8,209,"December 9, 1995",it,R,,2023
Rudy Gay,PF,6-8,250,"August 17, 1986",us,16,UConn,2023
Talen Horton-Tucker,SG,6-4,234,"November 25, 2000",us,3,Iowa State,2023
Frank Jackson,PG,6-3,205,"May 4, 1998",us,4,Duke,2023
Damian Jones,C,6-11,245,"June 30, 1995",us,6,Vanderbilt,2023
Johnny Juzang,SG,6-7,215,"March 17, 2001",us,R,"Kentucky, UCLA",2023
Walker Kessler,C,7-0,245,"July 26, 2001",us,R,"UNC, Auburn",2023
Lauri Markkanen,PF,7-0,240,"May 22, 1997",fi,5,Arizona,2023
Kelly Olynyk,C,6-11,240,"April 19, 1991",ca,9,Gonzaga,2023
Micah Potter,PF,6-10,248,"April 6, 1998",us,1,"Ohio State, Wisconsin",2023
Luka Šamanić,PF,6-10,227,"January 9, 2000",hr,2,,2023
Collin Sexton,PG,6-3,190,"January 4, 1999",us,4,Alabama,2023
Juan Toscano-Anderson,SF,6-6,209,"April 10, 1993",us,3,Marquette,2023
Jarred Vanderbilt,PF,6-8,214,"April 3, 1999",us,4,Kentucky,2023
Deni Avdija,SF,6-9,210,"January 3, 2001",il,2,,2023
Will Barton,SG,6-5,181,"January 6, 1991",us,10,Memphis,2023
Bradley Beal,SG,6-4,207,"June 28, 1993",us,10,Florida,2023
Jamaree Bouyea,PG,6-2,180,"June 27, 1999",us,R,San Francisco,2023
Vernon Carey Jr.,C,6-9,270,"February 25, 2001",us,2,Duke,2023
Xavier Cooks,PF,6-8,183,"August 19, 1995",au,R,Winthrop University,2023
Johnny Davis,SG,6-5,196,"February 27, 2002",us,R,Wisconsin,2023
Devon Dotson,PG,6-2,185,"August 2, 1999",us,2,Kansas,2023
Daniel Gafford,C,6-10,234,"October 1, 1998",us,3,Arkansas,2023
Taj Gibson,C,6-9,232,"June 24, 1985",us,13,USC,2023
Anthony Gill,PF,6-7,230,"October 17, 1992",us,2,"South Carolina, Virginia",2023
Jordan Goodwin,PG,6-3,200,"October 23, 1998",us,1,Saint Louis,2023
Rui Hachimura,PF,6-8,230,"February 8, 1998",jp,3,Gonzaga,2023
Jay Huff,C,7-1,240,"August 25, 1998",us,1,Virginia,2023
Quenton Jackson,PG,6-5,175,"September 15, 1998",us,R,Texas A&M,2023
Corey Kispert,SF,6-7,220,"March 3, 1999",us,1,Gonzaga,2023
Kyle Kuzma,PF,6-9,221,"July 24, 1995",us,5,Utah,2023
Monte Morris,PG,6-2,183,"June 27, 1995",us,5,Iowa State,2023
Kendrick Nunn,SG,6-2,190,"August 3, 1995",us,2,"Illinois, Oakland",2023
Kristaps Porziņģis,C,7-2,240,"August 2, 1995",lv,6,,2023
Jordan Schakel,SF,6-6,200,"June 13, 1998",us,1,San Diego State,2023
Isaiah Todd,PF,6-10,220,"October 17, 2001",us,1,,2023
Delon Wright,PG,6-5,185,"April 26, 1992",us,7,Utah,2023
Bogdan Bogdanović,SG,6-5,220,"August 18, 1992",rs,6,,2024
Dejounte Murray,SG,6-5,180,"September 19, 1996",us,6,Washington,2024
Clint Capela,C,6-10,240,"May 18, 1994",ch,9,,2024
Garrison Mathews,SG,6-5,215,"October 24, 1996",us,4,Lipscomb,2024
Saddiq Bey,SF,6-7,215,"April 9, 1999",us,3,Villanova,2024
De'Andre Hunter,SF,6-8,225,"December 2, 1997",us,4,Virginia,2024
Jalen Johnson,SF,6-9,220,"December 18, 2001",us,2,Duke,2024
Onyeka Okongwu,C,6-8,235,"December 11, 2000",us,3,USC,2024
Trae Young,PG,6-1,164,"September 19, 1998",us,5,Oklahoma,2024
Bruno Fernando,C,6-9,240,"August 15, 1998",ao,4,Maryland,2024
Trent Forrest,SG,6-4,210,"June 12, 1998",us,3,Florida State,2024
Wesley Matthews,SG,6-5,220,"October 14, 1986",us,14,Marquette,2024
Vit Krejci  (TW),PG,6-8,195,"June 19, 2000",cz,2,,2024
AJ Griffin,SF,6-6,222,"August 25, 2003",us,1,Duke,2024
Kobe Bufkin,SG,6-4,195,"September 21, 2003",us,R,Michigan,2024
Seth Lundy  (TW),SF,6-6,220,"April 2, 2000",us,R,Penn State,2024
Dylan Windler  (TW),SF,6-6,196,"September 22, 1996",us,3,Belmont,2024
Mouhamed Gueye,PF,6-11,210,"November 9, 2002",sn,R,Washington State,2024
Payton Pritchard,PG,6-1,195,"January 28, 1998",us,3,Oregon,2024
Sam Hauser,SF,6-8,215,"December 8, 1997",us,2,"Marquette, Virginia",2024
Jayson Tatum,PF,6-8,210,"March 3, 1998",us,6,Duke,2024
Derrick White,SG,6-4,190,"July 2, 1994",us,6,"Colorado-Colorado Springs, Colorado",2024
Jaylen Brown,SF,6-6,223,"October 24, 1996",us,7,California,2024
Jrue Holiday,PG,6-4,205,"June 12, 1990",us,14,UCLA,2024
Al Horford,C,6-9,240,"June 3, 1986",do,16,Florida,2024
Luke Kornet,C,7-2,250,"July 15, 1995",us,6,Vanderbilt,2024
Kristaps Porziņģis,C,7-2,240,"August 2, 1995",lv,7,,2024
Oshae Brissett,SF,6-7,210,"June 20, 1998",ca,4,Syracuse,2024
Svi Mykhailiuk,SF,6-7,205,"June 10, 1997",ua,5,Kansas,2024
Neemias Queta,C,7-0,245,"July 13, 1999",pt,2,Utah State University,2024
Xavier Tillman Sr.,PF,6-8,245,"January 12, 1999",us,3,Michigan State,2024
Jaden Springer,PG,6-4,204,"September 25, 2002",us,2,Tennessee,2024
Jordan Walsh,SF,6-7,205,"March 3, 2004",us,R,Arkansas,2024
JD Davison  (TW),SG,6-1,195,"October 3, 2002",us,1,Alabama,2024
Drew Peterson  (TW),PF,6-9,205,"November 9, 1999",us,R,"Rice University, USC",2024
Mikal Bridges,SF,6-6,209,"August 30, 1996",us,5,Villanova,2024
Nic Claxton,C,6-11,215,"April 17, 1999",us,4,Georgia,2024
Dorian Finney-Smith,PF,6-7,220,"May 4, 1993",us,7,Florida,2024
Cam Thomas,SG,6-4,210,"October 13, 2001",jp,2,LSU,2024
Trendon Watford,PF,6-9,240,"November 9, 2000",us,2,LSU,2024
Day'Ron Sharpe,C,6-11,265,"November 6, 2001",us,2,UNC,2024
Cameron Johnson,PF,6-8,210,"March 3, 1996",us,4,"Pitt, UNC",2024
Lonnie Walker IV,SG,6-4,204,"December 14, 1998",us,5,Miami (FL),2024
Dennis Smith Jr.,PG,6-2,205,"November 25, 1997",us,6,NC State,2024
Jalen Wilson,PF,6-8,225,"November 4, 2000",us,R,Kansas,2024
Dennis Schröder,PG,6-1,172,"September 15, 1993",de,10,,2024
Noah Clowney,PF,6-10,210,"July 14, 2004",us,R,Alabama,2024
Ben Simmons,PG,6-10,240,"July 20, 1996",au,5,LSU,2024
Keita Bates-Diop,SF,6-8,229,"January 23, 1996",us,5,Ohio State,2024
Keon Johnson  (TW),SG,6-5,186,"March 10, 2002",us,2,Tennessee,2024
Jacob Gilyard  (TW),PG,5-9,160,"July 14, 1998",us,1,Richmond,2024
Dariq Whitehead,SF,6-7,220,"August 1, 2004",us,R,Duke,2024
Jaylen Martin  (TW),SF,6-6,216,"January 28, 2004",us,R,,2024
Brandon Miller,SF,6-9,201,"November 22, 2002",us,R,Alabama,2024
Miles Bridges,SF,6-7,225,"March 21, 1998",us,4,Michigan State,2024
Nick Richards,C,7-0,245,"November 29, 1997",jm,3,Kentucky,2024
JT Thor,PF,6-10,205,"August 26, 2002",us,2,Auburn,2024
Bryce McGowens,SG,6-7,179,"November 8, 2002",us,1,Nebraska,2024
Nick Smith Jr.,SG,6-5,185,"April 18, 2004",us,R,Arkansas,2024
Vasilije Micić,PG,6-5,200,"January 13, 1994",rs,R,,2024
Grant Williams,PF,6-6,236,"November 30, 1998",us,4,Tennessee,2024
Tre Mann,PG,6-3,178,"February 3, 2001",us,2,Florida,2024
Dāvis Bertāns,PF,6-10,225,"November 12, 1992",lv,7,,2024
Cody Martin,SF,6-5,205,"September 28, 1995",us,4,"NC State, Nevada",2024
Leaky Black  (TW),SF,6-9,205,"June 14, 1999",us,R,UNC,2024
LaMelo Ball,PG,6-7,180,"August 22, 2001",us,3,,2024
Mark Williams,C,7-0,241,"December 16, 2001",us,1,Duke,2024
Aleksej Pokusevski,PF,7-0,190,"December 26, 2001",rs,3,,2024
Amari Bailey  (TW),PG,6-5,185,"February 17, 2004",us,R,UCLA,2024
Marques Bolden  (TW),C,6-10,249,"April 17, 1998",us,2,Duke,2024
Seth Curry,SG,6-1,185,"August 23, 1990",us,9,"Liberty, Duke",2024
DeMar DeRozan,SF,6-6,220,"August 7, 1989",us,14,USC,2024
Coby White,PG,6-5,195,"February 16, 2000",us,4,UNC,2024
Andre Drummond,C,6-11,279,"August 10, 1993",us,11,UConn,2024
Nikola Vučević,C,6-10,260,"October 24, 1990",ch,12,USC,2024
Ayo Dosunmu,SG,6-5,200,"January 17, 2000",us,2,Illinois,2024
Jevon Carter,PG,6-1,200,"September 14, 1995",us,5,West Virginia,2024
Alex Caruso,SG,6-5,186,"February 28, 1994",us,6,Texas A&M,2024
Dalen Terry,SG,6-7,195,"July 12, 2002",us,1,Arizona,2024
Torrey Craig,SF,6-7,221,"December 19, 1990",us,6,USC Upstate,2024
Patrick Williams,PF,6-7,215,"August 26, 2001",us,3,Florida State,2024
Julian Phillips,SF,6-8,198,"November 5, 2003",us,R,Tennessee,2024
Zach LaVine,SG,6-5,200,"March 10, 1995",us,9,UCLA,2024
Onuralp Bitim,SG,6-6,215,"March 31, 1999",tr,R,,2024
Javonte Green,SF,6-4,205,"July 23, 1993",us,4,Radford,2024
Adama Sanogo  (TW),PF,6-9,245,"February 12, 2002",ml,R,UConn,2024
Andrew Funk  (TW),SG,6-5,200,"September 21, 1999",us,R,"Bucknell, Penn State",2024
Henri Drell  (TW),SF,6-9,187,"April 25, 2000",ee,R,,2024
Lonzo Ball,PG,6-6,190,"October 27, 1997",us,5,UCLA,2024
Georges Niang,PF,6-7,230,"June 17, 1993",us,7,Iowa State,2024
Jarrett Allen,C,6-11,243,"April 21, 1998",us,6,Texas,2024
Max Strus,SF,6-5,215,"March 28, 1996",us,4,"Lewis (IL), DePaul",2024
Isaac Okoro,SF,6-5,225,"January 26, 2001",us,3,Auburn,2024
Caris LeVert,SG,6-6,205,"August 25, 1994",us,7,Michigan,2024
Sam Merrill,SG,6-4,205,"May 15, 1996",us,3,Utah State University,2024
Darius Garland,PG,6-1,192,"January 26, 2000",us,4,Vanderbilt,2024
Donovan Mitchell,SG,6-3,215,"September 7, 1996",us,6,Louisville,2024
Dean Wade,PF,6-9,228,"November 20, 1996",us,4,Kansas State,2024
Craig Porter Jr.,PG,6-2,186,"February 26, 2000",us,R,"Vincennes University, Wichita State",2024
Evan Mobley,PF,6-11,215,"June 18, 2001",us,2,USC,2024
Tristan Thompson,C,6-9,254,"March 13, 1991",ca,12,Texas,2024
Damian Jones,C,6-11,245,"June 30, 1995",us,7,Vanderbilt,2024
Emoni Bates  (TW),SF,6-10,170,"January 28, 2004",us,R,"Memphis, Eastern Michigan",2024
Marcus Morris,PF,6-8,218,"September 2, 1989",us,12,Kansas,2024
Isaiah Mobley  (TW),PF,6-8,240,"September 24, 1999",us,1,USC,2024
Pete Nance  (TW),PF,6-11,230,"February 19, 2000",us,R,"Northwestern, UNC",2024
Ty Jerome,SG,6-5,195,"July 8, 1997",us,4,Virginia,2024
Tim Hardaway Jr.,SF,6-5,205,"March 16, 1992",us,10,Michigan,2024
Derrick Jones Jr.,SF,6-5,210,"February 15, 1997",us,7,UNLV,2024
Jaden Hardy,SG,6-4,198,"July 5, 2002",us,1,,2024
Luka Dončić,PG,6-7,230,"February 28, 1999",si,5,,2024
Dwight Powell,C,6-10,240,"July 20, 1991",ca,9,Stanford,2024
Kyrie Irving,SG,6-2,195,"March 23, 1992",au,12,Duke,2024
Josh Green,SG,6-5,200,"November 16, 2000",au,3,Arizona,2024
Dereck Lively II,C,7-1,230,"February 12, 2004",us,R,Duke,2024
Dante Exum,PG,6-5,214,"July 13, 1995",au,6,,2024
Maxi Kleber,C,6-10,240,"January 29, 1992",de,6,,2024
A.J. Lawson,SG,6-6,179,"July 15, 2000",ca,1,South Carolina,2024
Olivier-Maxence Prosper,PF,6-8,230,"July 3, 2002",ca,R,"Clemson, Marquette",2024
P.J. Washington,PF,6-7,230,"August 23, 1998",us,4,Kentucky,2024
Daniel Gafford,PF,6-10,234,"October 1, 1998",us,4,Arkansas,2024
Markieff Morris,PF,6-9,245,"September 2, 1989",us,12,Kansas,2024
Brandon Williams  (TW),PG,6-2,190,"November 22, 1999",us,1,Arizona,2024
Greg Brown III  (TW),PF,6-7,205,"September 1, 2001",us,2,Texas,2024
Alex Fudge  (TW),SF,6-8,200,"May 6, 2003",us,R,"LSU, Florida",2024
Reggie Jackson,PG,6-2,208,"April 16, 1990",it,12,Boston College,2024
Christian Braun,SG,6-6,218,"April 17, 2001",us,1,Kansas,2024
Michael Porter Jr.,SF,6-10,218,"June 29, 1998",us,4,Missouri,2024
Peyton Watson,SF,6-8,200,"September 11, 2002",us,1,UCLA,2024
Nikola Jokić,C,6-11,284,"February 19, 1995",rs,8,,2024
Kentavious Caldwell-Pope,SG,6-5,204,"February 18, 1993",us,10,Georgia,2024
Aaron Gordon,PF,6-8,235,"September 16, 1995",us,9,Arizona,2024
Jamal Murray,PG,6-4,215,"February 23, 1997",ca,6,Kentucky,2024
Justin Holiday,SG,6-6,180,"April 5, 1989",us,10,Washington,2024
Zeke Nnaji,PF,6-9,240,"January 9, 2001",us,3,Arizona,2024
Julian Strawther,SF,6-7,205,"April 18, 2002",us,R,Gonzaga,2024
DeAndre Jordan,C,6-11,265,"July 21, 1988",us,15,Texas A&M,2024
Jalen Pickett,SG,6-4,209,"October 22, 1999",us,R,"Siena College, Penn State",2024
Collin Gillespie  (TW),PG,6-1,195,"June 25, 1999",us,R,Villanova,2024
Jay Huff  (TW),C,7-1,240,"August 25, 1998",us,2,Virginia,2024
Braxton Key  (TW),SF,6-8,230,"February 14, 1997",us,2,"Alabama, Virginia",2024
Hunter Tyson,PF,6-8,215,"June 13, 2000",us,R,Clemson,2024
Vlatko Čančar,PF,6-8,236,"April 10, 1997",si,4,,2024
Jaden Ivey,SG,6-4,195,"February 13, 2002",us,1,Purdue,2024
Marcus Sasser,PG,6-2,195,"September 21, 2000",us,R,Houston,2024
Ausar Thompson,SF,6-7,215,"January 30, 2003",us,R,,2024
James Wiseman,C,7-0,240,"March 31, 2001",us,2,Memphis,2024
Cade Cunningham,PG,6-6,220,"September 25, 2001",us,2,Oklahoma State,2024
Jalen Duren,C,6-10,250,"November 18, 2003",us,1,Memphis,2024
Isaiah Stewart,PF,6-8,250,"May 22, 2001",us,3,Washington,2024
Evan Fournier,SG,6-6,205,"October 29, 1992",fr,11,,2024
Malachi Flynn,PG,6-1,175,"May 10, 1998",us,3,"Washington State, San Diego State",2024
Stanley Umude,SG,6-6,210,"April 12, 1999",us,1,"South Dakota, Arkansas",2024
Troy Brown Jr.,SF,6-6,215,"July 28, 1999",us,5,Oregon,2024
Jared Rhoden  (TW),SG,6-6,210,"August 27, 1999",us,1,Seton Hall,2024
Simone Fontecchio,SF,6-8,209,"December 9, 1995",it,1,,2024
Chimezie Metu,C,6-9,225,"March 22, 1997",us,5,USC,2024
Tosan Evbuomwan  (TW),SF,6-8,219,"February 16, 2001",uk,R,Princeton,2024
Buddy Boeheim  (TW),SF,6-6,205,"November 11, 1999",us,1,Syracuse,2024
Quentin Grimes,SG,6-5,205,"May 8, 2000",us,2,"Kansas, Houston",2024
Taj Gibson,PF,6-9,232,"June 24, 1985",us,14,USC,2024
Klay Thompson,SF,6-6,215,"February 8, 1990",us,10,Washington State,2024
Stephen Curry,PG,6-2,185,"March 14, 1988",us,14,Davidson,2024
Jonathan Kuminga,PF,6-8,210,"October 6, 2002",cd,2,,2024
Brandin Podziemski,SG,6-5,205,"February 25, 2003",us,R,"Illinois, Santa Clara",2024
Kevon Looney,C,6-9,222,"February 6, 1996",us,8,UCLA,2024
Andrew Wiggins,SF,6-7,197,"February 23, 1995",ca,9,Kansas,2024
Trayce Jackson-Davis,PF,6-9,245,"February 22, 2000",us,R,Indiana,2024
Moses Moody,SG,6-6,205,"May 31, 2002",us,2,Arkansas,2024
Dario Šarić,C,6-10,225,"April 8, 1994",hr,6,,2024
Chris Paul,PG,6-0,175,"May 6, 1985",us,18,Wake Forest,2024
Draymond Green,PF,6-6,230,"March 4, 1990",us,11,Michigan State,2024
Gary Payton II,SG,6-2,190,"December 1, 1992",us,7,Oregon State,2024
Lester Quinones,SG,6-5,208,"November 16, 2000",us,1,Memphis,2024
Gui Santos,PF,6-8,209,"June 22, 2002",br,R,,2024
Jerome Robinson  (TW),SG,6-4,190,"February 22, 1997",us,3,Boston College,2024
Pat Spencer  (TW),PG,6-3,205,"July 4, 1996",us,R,"Loyola (MD), Northwestern",2024
Usman Garuba,PF,6-8,220,"March 9, 2002",es,2,,2024
Jalen Green,SG,6-4,178,"February 9, 2002",us,2,,2024
Aaron Holiday,PG,6-0,185,"September 30, 1996",us,5,UCLA,2024
Jeff Green,PF,6-8,235,"August 28, 1986",us,15,Georgetown,2024
Jabari Smith Jr.,PF,6-11,220,"May 13, 2003",us,1,Auburn,2024
Fred VanVleet,PG,6-0,197,"February 25, 1994",us,7,Wichita State,2024
Dillon Brooks,SF,6-6,225,"January 22, 1996",ca,6,Oregon,2024
Jae'Sean Tate,SF,6-4,230,"October 28, 1995",us,3,Ohio State,2024
Alperen Sengun,C,6-11,235,"July 25, 2002",tr,2,,2024
Amen Thompson,SF,6-7,209,"January 30, 2003",us,R,,2024
Jock Landale,C,6-11,256,"October 25, 1995",au,2,Saint Mary's,2024
Cam Whitmore,SF,6-7,232,"July 8, 2004",us,R,Villanova,2024
Reggie Bullock,SF,6-6,205,"March 16, 1991",us,10,UNC,2024
Tari Eason,PF,6-8,216,"May 10, 2001",us,1,"Cincinnati, LSU",2024
Jeenathan Williams  (TW),SG,6-5,205,"February 12, 1999",us,1,Buffalo,2024
Nate Hinton  (TW),SG,6-5,210,"June 8, 1999",us,2,Houston,2024
Boban Marjanović,C,7-4,290,"August 15, 1988",rs,8,,2024
Jermaine Samuels  (TW),SF,6-7,230,"November 13, 1998",us,R,Villanova,2024
Steven Adams,C,6-11,265,"July 20, 1993",nz,10,Pitt,2024
Obi Toppin,PF,6-9,220,"March 4, 1998",us,3,Dayton,2024
Myles Turner,C,6-11,250,"March 24, 1996",us,8,Texas,2024
Aaron Nesmith,SF,6-5,215,"October 16, 1999",us,3,Vanderbilt,2024
T.J. McConnell,PG,6-1,190,"March 25, 1992",us,8,"Duquesne, Arizona",2024
Tyrese Haliburton,PG,6-5,185,"February 29, 2000",us,3,Iowa State,2024
Andrew Nembhard,PG,6-5,193,"January 16, 2000",ca,1,"Florida, Gonzaga",2024
Jalen Smith,C,6-10,215,"March 16, 2000",us,3,Maryland,2024
Bennedict Mathurin,SF,6-6,210,"June 19, 2002",ca,1,Arizona,2024
Isaiah Jackson,C,6-10,206,"January 10, 2002",us,2,Kentucky,2024
Ben Sheppard,SG,6-6,190,"July 16, 2001",us,R,Belmont,2024
Pascal Siakam,PF,6-8,230,"April 2, 1994",cm,7,New Mexico State,2024
Jarace Walker,PF,6-8,240,"September 4, 2003",us,R,Houston,2024
Doug McDermott,SF,6-6,225,"January 3, 1992",us,9,Creighton,2024
Kendall Brown,SG,6-8,205,"May 11, 2003",us,1,Baylor,2024
James Johnson,PF,6-7,240,"February 20, 1987",us,14,Wake Forest,2024
Oscar Tshiebwe  (TW),PF,6-9,260,"November 27, 1999",cd,R,"West Virginia, Kentucky",2024
Quenton Jackson  (TW),PG,6-5,175,"September 15, 1998",us,1,Texas A&M,2024
Isaiah Wong  (TW),SG,6-4,184,"January 28, 2001",us,R,Miami (FL),2024
Norman Powell,SG,6-3,215,"May 25, 1993",us,8,UCLA,2024
Terance Mann,SG,6-5,215,"October 18, 1996",us,4,Florida State,2024
Paul George,PF,6-8,220,"May 2, 1990",us,13,Fresno State,2024
James Harden,PG,6-5,220,"August 26, 1989",us,14,Arizona State,2024
Amir Coffey,SF,6-7,210,"June 17, 1997",us,4,Minnesota,2024
Kawhi Leonard,SF,6-7,225,"June 29, 1991",us,11,San Diego State,2024
Ivica Zubac,C,7-0,240,"March 18, 1997",ba,7,,2024
Russell Westbrook,PG,6-4,200,"November 12, 1988",us,15,UCLA,2024
Daniel Theis,C,6-8,245,"April 4, 1992",de,6,,2024
Mason Plumlee,C,6-10,254,"March 5, 1990",us,10,Duke,2024
Kobe Brown,PF,6-7,250,"January 1, 2000",us,R,Missouri,2024
Bones Hyland,PG,6-2,173,"September 14, 2000",us,2,VCU,2024
Brandon Boston Jr.,SF,6-7,185,"November 28, 2001",us,2,Kentucky,2024
P.J. Tucker,PF,6-5,245,"May 5, 1985",us,12,Texas,2024
Xavier Moon  (TW),SG,6-2,165,"January 2, 1995",us,2,"Northwest Florida State College, Morehead State University",2024
Moussa Diabaté  (TW),C,6-11,210,"January 21, 2002",fr,1,Michigan,2024
Jordan Miller  (TW),SF,6-7,195,"January 23, 2000",us,R,"George Mason, Miami (FL)",2024
Kai Jones,C,6-11,218,"January 19, 2001",bs,2,Texas,2024
Austin Reaves,SG,6-5,206,"May 29, 1998",us,2,"Wichita State, Oklahoma",2024
Taurean Prince,PF,6-6,218,"March 22, 1994",us,7,Baylor,2024
Anthony Davis,C,6-10,253,"March 11, 1993",us,11,Kentucky,2024
D'Angelo Russell,PG,6-3,193,"February 23, 1996",us,8,Ohio State,2024
LeBron James,PF,6-9,250,"December 30, 1984",us,20,,2024
Jaxson Hayes,C,7-0,220,"May 23, 2000",us,4,Texas,2024
Rui Hachimura,PF,6-8,230,"February 8, 1998",jp,4,Gonzaga,2024
Max Christie,SG,6-6,190,"February 10, 2003",us,1,Michigan State,2024
Christian Wood,PF,6-8,214,"September 27, 1995",us,7,UNLV,2024
Cam Reddish,SF,6-8,218,"September 1, 1999",us,4,Duke,2024
Maxwell Lewis,SF,6-7,195,"July 27, 2002",us,R,Pepperdine,2024
Jarred Vanderbilt,PF,6-8,214,"April 3, 1999",us,5,Kentucky,2024
Spencer Dinwiddie,PG,6-5,215,"April 6, 1993",us,9,Colorado,2024
Jalen Hood-Schifino,SG,6-6,215,"June 19, 2003",us,R,Indiana,2024
Skylar Mays  (TW),SG,6-4,205,"September 5, 1997",us,3,LSU,2024
Colin Castleton  (TW),C,6-11,250,"May 25, 2000",us,R,"Michigan, Florida",2024
Gabe Vincent,PG,6-3,195,"June 14, 1996",us,4,UC Santa Barbara,2024
Harry Giles  (TW),C,6-11,240,"April 22, 1998",us,3,Duke,2024
Jaren Jackson Jr.,C,6-10,242,"September 15, 1999",us,5,Michigan State,2024
Santi Aldama,PF,6-11,224,"January 10, 2001",es,2,Loyola (MD),2024
John Konchar,SF,6-5,210,"March 22, 1996",us,4,Purdue-Fort Wayne,2024
Vince Williams Jr.,SG,6-4,205,"August 30, 2000",us,1,VCU,2024
Ziaire Williams,SF,6-9,215,"September 12, 2001",us,2,Stanford,2024
GG Jackson II,PF,6-9,215,"December 17, 2004",us,R,South Carolina,2024
Desmond Bane,SG,6-5,215,"June 25, 1998",us,3,TCU,2024
Luke Kennard,SG,6-5,206,"June 24, 1996",us,6,Duke,2024
Jake LaRavia,PF,6-8,235,"November 3, 2001",us,1,"Indiana State University, Wake Forest",2024
Derrick Rose,PG,6-3,200,"October 4, 1988",us,14,Memphis,2024
Trey Jemison  (TW),C,6-11,260,"November 28, 1999",us,R,"Clemson, UAB",2024
Scotty Pippen Jr.  (TW),PG,6-1,185,"November 10, 2000",us,1,Vanderbilt,2024
Marcus Smart,PG,6-3,220,"March 6, 1994",us,9,Oklahoma State,2024
Lamar Stevens,PF,6-6,230,"July 9, 1997",us,3,Penn State,2024
Jordan Goodwin  (TW),PG,6-3,200,"October 23, 1998",us,2,Saint Louis,2024
Ja Morant,PG,6-2,174,"August 10, 1999",us,4,Murray State,2024
Brandon Clarke,PF,6-8,215,"September 19, 1996",ca,4,"San Jose State, Gonzaga",2024
Yuta Watanabe,SF,6-9,215,"October 13, 1994",jp,5,George Washington,2024
Jaime Jaquez Jr.,SF,6-6,225,"February 18, 2001",us,R,UCLA,2024
Bam Adebayo,C,6-9,255,"July 18, 1997",us,6,Kentucky,2024
Duncan Robinson,SF,6-7,215,"April 22, 1994",us,5,"Williams, Michigan",2024
Haywood Highsmith,PF,6-7,220,"December 9, 1996",us,3,Wheeling University,2024
Caleb Martin,SF,6-5,205,"September 28, 1995",us,4,"NC State, Nevada",2024
Jimmy Butler,PF,6-7,230,"September 14, 1989",us,12,Marquette,2024
Kevin Love,PF,6-8,251,"September 7, 1988",us,15,UCLA,2024
Nikola Jović,PF,6-10,209,"June 9, 2003",gb,1,,2024
Josh Richardson,SG,6-5,200,"September 15, 1993",us,8,Tennessee,2024
Tyler Herro,SG,6-5,195,"January 20, 2000",us,4,Kentucky,2024
Thomas Bryant,C,6-10,248,"July 31, 1997",us,6,Indiana,2024
Orlando Robinson,C,7-0,235,"July 10, 2000",us,1,Fresno State,2024
Terry Rozier,PG,6-1,190,"March 17, 1994",us,8,Louisville,2024
Jamal Cain  (TW),PF,6-7,191,"March 20, 1999",us,1,"Marquette, Oakland",2024
Cole Swider  (TW),SF,6-9,220,"May 8, 1999",us,1,"Villanova, Syracuse",2024
Delon Wright,PG,6-5,185,"April 26, 1992",us,8,Utah,2024
Patty Mills,PG,6-2,180,"August 11, 1988",au,14,Saint Mary's,2024
Alondes Williams  (TW),SG,6-4,210,"June 19, 1999",us,1,"Triton College, Oklahoma, Wake Forest",2024
Bobby Portis,PF,6-10,250,"February 10, 1995",us,8,Arkansas,2024
Brook Lopez,C,7-1,282,"April 1, 1988",us,15,Stanford,2024
Malik Beasley,SG,6-4,187,"November 26, 1996",us,7,Florida State,2024
Pat Connaughton,SF,6-5,209,"January 6, 1993",us,8,Notre Dame,2024
Giannis Antetokounmpo,PF,6-11,242,"December 6, 1994",gr,10,,2024
Damian Lillard,PG,6-2,195,"July 15, 1990",us,11,Weber State,2024
Andre Jackson Jr.,SG,6-6,210,"November 13, 2001",us,R,UConn,2024
A.J. Green,SG,6-4,200,"September 27, 1999",us,1,University of Northern Iowa,2024
Khris Middleton,SF,6-7,222,"August 12, 1991",us,11,Texas A&M,2024
Jae Crowder,PF,6-6,235,"July 6, 1990",us,11,Marquette,2024
MarJon Beauchamp,SF,6-6,199,"October 12, 2000",us,1,Yakima Valley Community College,2024
Thanasis Antetokounmpo,PF,6-7,219,"July 18, 1992",gr,5,,2024
Patrick Beverley,PG,6-2,180,"July 12, 1988",us,11,Arkansas,2024
Chris Livingston,SF,6-6,220,"October 15, 2003",us,R,Kentucky,2024
Danilo Gallinari,SF,6-10,233,"August 8, 1988",it,13,,2024
TyTy Washington Jr.  (TW),PG,6-3,197,"November 15, 2001",us,1,Kentucky,2024
Ryan Rollins  (TW),PG,6-4,180,"July 3, 2002",us,1,Toledo,2024
Jaylin Galloway  (TW),SF,6-7,190,"December 21, 2002",us,R,,2024
Nickeil Alexander-Walker,SG,6-5,205,"September 2, 1998",ca,4,Virginia Tech,2024
Naz Reid,C,6-9,264,"August 26, 1999",us,4,LSU,2024
Anthony Edwards,SG,6-4,225,"August 5, 2001",us,3,Georgia,2024
Kyle Anderson,PF,6-9,230,"September 20, 1993",us,9,UCLA,2024
Rudy Gobert,C,7-1,258,"June 26, 1992",fr,10,,2024
Mike Conley,PG,6-0,175,"October 11, 1987",us,16,Ohio State,2024
Jaden McDaniels,SF,6-9,185,"September 29, 2000",us,3,Washington,2024
Karl-Anthony Towns,PF,7-0,248,"November 15, 1995",us,8,Kentucky,2024
Jordan McLaughlin,PG,6-0,185,"April 9, 1996",us,4,USC,2024
Josh Minott,SF,6-8,205,"November 25, 2002",us,1,Memphis,2024
Monte Morris,PG,6-2,183,"June 27, 1995",us,6,Iowa State,2024
Luka Garza,C,6-10,235,"December 27, 1998",us,2,Iowa,2024
Wendell Moore Jr.,SG,6-5,213,"September 18, 2001",us,1,Duke,2024
Leonard Miller,SF,6-10,210,"November 26, 2003",ca,R,,2024
Daishen Nix  (TW),PG,6-5,224,"February 13, 2002",us,2,,2024
T.J. Warren,SF,6-8,220,"September 5, 1993",us,8,NC State,2024
Jaylen Clark  (TW),SG,6-5,205,"October 13, 2001",us,R,UCLA,2024
Jonas Valančiūnas,C,6-11,265,"May 6, 1992",lt,11,,2024
Herbert Jones,SF,6-8,210,"October 6, 1998",us,2,Alabama,2024
Zion Williamson,PF,6-6,284,"July 6, 2000",us,3,Duke,2024
Jordan Hawkins,SG,6-5,195,"April 29, 2002",us,R,UConn,2024
CJ McCollum,PG,6-3,190,"September 19, 1991",us,10,Lehigh,2024
Naji Marshall,SF,6-7,220,"January 24, 1998",us,3,Xavier,2024
Brandon Ingram,SF,6-8,190,"September 2, 1997",us,7,Duke,2024
Dyson Daniels,PG,6-8,199,"March 17, 2003",au,1,,2024
Larry Nance Jr.,C,6-8,245,"January 1, 1993",us,8,Wyoming,2024
Trey Murphy III,SF,6-8,206,"June 18, 2000",us,2,"Rice University, Virginia",2024
Jose Alvarado,PG,6-0,179,"April 12, 1998",us,2,Georgia Tech,2024
Cody Zeller,C,6-11,240,"October 5, 1992",us,10,Indiana,2024
Jeremiah Robinson-Earl,PF,6-9,230,"November 3, 2000",us,2,Villanova,2024
Matt Ryan,SF,6-6,215,"April 17, 1997",us,2,"Notre Dame, Vanderbilt, Chattanooga",2024
E.J. Liddell,PF,6-7,240,"December 18, 2000",us,R,Ohio State,2024
Dereon Seabron  (TW),SG,6-7,180,"May 26, 2000",us,1,NC State,2024
Malcolm Hill  (TW),SF,6-6,220,"October 26, 1995",us,2,Illinois,2024
Donte DiVincenzo,SG,6-4,203,"January 31, 1997",us,5,Villanova,2024
Josh Hart,SF,6-4,215,"March 6, 1995",us,6,Villanova,2024
Jalen Brunson,PG,6-2,190,"August 31, 1996",us,5,Villanova,2024
Isaiah Hartenstein,C,7-0,250,"May 5, 1998",us,5,,2024
Miles McBride,PG,6-2,200,"September 8, 2000",us,2,West Virginia,2024
Precious Achiuwa,PF,6-8,225,"September 19, 1999",ng,3,Memphis,2024
Julius Randle,PF,6-8,250,"November 29, 1994",us,9,Kentucky,2024
Jericho Sims,C,6-10,245,"October 20, 1998",us,2,Texas,2024
Mitchell Robinson,C,7-0,240,"April 1, 1998",us,5,Western Kentucky,2024
Bojan Bogdanović,SF,6-7,226,"April 18, 1989",ba,9,,2024
OG Anunoby,SF,6-7,232,"July 17, 1997",gb,6,Indiana,2024
Alec Burks,SG,6-6,214,"July 20, 1991",us,12,Colorado,2024
DaQuan Jeffries,SG,6-5,230,"August 30, 1997",us,4,"Oral Roberts, Tulsa",2024
Jacob Toppin  (TW),SF,6-9,205,"May 8, 2000",us,R,"Rhode Island, Kentucky",2024
Charlie Brown Jr.  (TW),SG,6-6,199,"February 2, 1997",us,3,Saint Joseph's,2024
Shake Milton,SG,6-5,205,"September 26, 1996",us,5,SMU,2024
Mamadi Diakite,PF,6-9,228,"January 21, 1997",gn,3,Virginia,2024
Duane Washington Jr.  (TW),SG,6-3,210,"March 24, 2000",de,2,Ohio State,2024
Chet Holmgren,C,7-1,195,"May 1, 2002",us,R,Gonzaga,2024
Cason Wallace,SG,6-4,193,"November 7, 2003",us,R,Kentucky,2024
Josh Giddey,SG,6-8,210,"October 10, 2002",au,2,,2024
Luguentz Dort,SF,6-3,215,"April 19, 1999",ca,4,Arizona State,2024
Isaiah Joe,SG,6-4,165,"July 2, 1999",us,3,Arkansas,2024
Aaron Wiggins,SG,6-6,200,"January 2, 1999",us,2,Maryland,2024
Shai Gilgeous-Alexander,PG,6-6,180,"July 12, 1998",ca,5,Kentucky,2024
Jalen Williams,PF,6-5,195,"April 14, 2001",us,1,Santa Clara,2024
Kenrich Williams,PF,6-6,210,"December 2, 1994",us,5,TCU,2024
Jaylin Williams,C,6-9,240,"June 29, 2002",us,1,Arkansas,2024
Lindy Waters III,SG,6-6,215,"July 28, 1997",us,2,Oklahoma State,2024
Ousmane Dieng,PF,6-10,216,"May 21, 2003",fr,1,,2024
Gordon Hayward,SF,6-7,225,"March 23, 1990",us,13,Butler,2024
Mike Muscala,C,6-10,240,"July 1, 1991",us,10,Bucknell,2024
Olivier Sarr  (TW),C,7-0,237,"February 20, 1999",fr,2,"Wake Forest, Kentucky",2024
Bismack Biyombo,C,6-8,255,"August 28, 1992",cd,12,,2024
Keyontae Johnson  (TW),SF,6-5,230,"May 24, 2000",us,R,"Florida, Kansas State",2024
Adam Flagler  (TW),SG,6-3,185,"December 1, 1999",us,R,"Presbyterian College, Baylor",2024
Cole Anthony,PG,6-2,185,"May 15, 2000",us,3,UNC,2024
Paolo Banchero,PF,6-10,250,"November 12, 2002",us,1,Duke,2024
Moritz Wagner,C,6-11,245,"April 26, 1997",de,5,Michigan,2024
Jalen Suggs,SG,6-5,205,"June 3, 2001",us,2,Gonzaga,2024
Franz Wagner,SF,6-10,225,"August 27, 2001",de,2,Michigan,2024
Anthony Black,PG,6-7,198,"January 20, 2004",us,R,Arkansas,2024
Joe Ingles,SF,6-9,220,"October 2, 1987",au,9,,2024
Goga Bitadze,C,6-11,250,"July 20, 1999",ge,4,,2024
Caleb Houstan,SF,6-8,205,"January 9, 2003",ca,1,Michigan,2024
Jonathan Isaac,PF,6-10,230,"October 3, 1997",us,4,Florida State,2024
Wendell Carter Jr.,C,6-10,270,"April 16, 1999",us,5,Duke,2024
Gary Harris,SG,6-4,210,"September 14, 1994",us,9,Michigan State,2024
Chuma Okeke,SF,6-6,229,"August 18, 1998",us,3,Auburn,2024
Markelle Fultz,PG,6-4,209,"May 29, 1998",us,6,Washington,2024
Admiral Schofield  (TW),PF,6-5,241,"March 30, 1997",gb,3,Tennessee,2024
Jett Howard,SF,6-8,215,"September 14, 2003",us,R,Michigan,2024
Trevelin Queen  (TW),SG,6-6,190,"February 25, 1997",us,2,"College of Marin, New Mexico Military Institute, New Mexico State",2024
Kevon Harris  (TW),SG,6-5,216,"June 24, 1997",us,1,Stephen F. Austin,2024
Paul Reed,C,6-9,210,"June 14, 1999",us,3,DePaul,2024
Tyrese Maxey,PG,6-2,200,"November 4, 2000",us,3,Kentucky,2024
Tobias Harris,PF,6-8,226,"July 15, 1992",us,12,Tennessee,2024
Kelly Oubre Jr.,SF,6-7,203,"December 9, 1995",us,8,Kansas,2024
KJ Martin,SF,6-6,215,"January 6, 2001",us,3,,2024
Nicolas Batum,PF,6-8,230,"December 14, 1988",fr,15,,2024
Mo Bamba,C,7-0,231,"May 12, 1998",us,5,Texas,2024
Joel Embiid,C,7-0,280,"March 16, 1994",cm,7,Kansas,2024
De'Anthony Melton,SG,6-2,200,"May 28, 1998",us,5,USC,2024
Buddy Hield,SG,6-4,220,"December 17, 1992",bs,7,Oklahoma,2024
Ricky Council IV,SG,6-6,205,"August 3, 2001",us,R,"Wichita State, Arkansas",2024
Cameron Payne,PG,6-3,183,"August 8, 1994",us,8,Murray State,2024
Robert Covington,SF,6-7,209,"December 14, 1990",us,10,Tennessee State,2024
Kyle Lowry,PG,6-0,196,"March 25, 1986",us,17,Villanova,2024
Terquavion Smith  (TW),PG,6-4,165,"December 31, 2002",us,R,NC State,2024
Jeff Dowtin,PG,6-3,185,"May 10, 1997",us,2,Rhode Island,2024
Jusuf Nurkić,C,7-0,290,"August 23, 1994",ba,9,,2024
Kevin Durant,PF,6-11,240,"September 29, 1988",us,15,Texas,2024
Grayson Allen,SG,6-4,198,"October 8, 1995",us,5,Duke,2024
Drew Eubanks,C,6-9,245,"February 1, 1997",us,5,Oregon State,2024
Devin Booker,PG,6-6,206,"October 30, 1996",us,8,Kentucky,2024
Eric Gordon,SG,6-3,215,"December 25, 1988",us,15,Indiana,2024
Josh Okogie,SG,6-4,213,"September 1, 1998",ng,5,Georgia Tech,2024
Bradley Beal,SG,6-4,207,"June 28, 1993",us,11,Florida,2024
Nassir Little,SF,6-5,220,"February 11, 2000",us,4,UNC,2024
Bol Bol,PF,7-3,220,"November 16, 1999",sd,4,Oregon,2024
Royce O'Neale,SF,6-4,226,"June 5, 1993",us,6,"Denver, Baylor",2024
Saben Lee  (TW),PG,6-2,183,"June 23, 1999",us,3,Vanderbilt,2024
David Roddy,PF,6-4,255,"March 27, 2001",us,1,Colorado State,2024
Udoka Azubuike  (TW),C,6-10,280,"September 17, 1999",ng,3,Kansas,2024
Thaddeus Young,PF,6-8,235,"June 21, 1988",us,16,Georgia Tech,2024
Isaiah Thomas,PG,5-9,185,"February 7, 1989",us,11,Washington,2024
Ish Wainright  (TW),SF,6-6,250,"September 12, 1994",us,2,Baylor,2024
Damion Lee,SG,6-5,210,"October 21, 1992",us,6,"Drexel, Louisville",2024
Jabari Walker,SF,6-9,215,"July 30, 2002",us,1,Colorado,2024
Toumani Camara,PF,6-8,220,"May 8, 2000",be,R,Dayton,2024
Duop Reath,C,6-11,245,"June 26, 1996",ss,R,"Lee College, LSU",2024
Matisse Thybulle,SF,6-5,201,"March 4, 1997",us,4,Washington,2024
Scoot Henderson,PG,6-3,202,"February 3, 2004",us,R,,2024
Kris Murray,SF,6-8,220,"August 19, 2000",us,R,Iowa,2024
Deandre Ayton,C,7-0,250,"July 23, 1998",bs,5,Arizona,2024
Jerami Grant,PF,6-7,210,"March 12, 1994",us,9,Syracuse,2024
Anfernee Simons,SG,6-3,181,"June 8, 1999",us,5,,2024
Malcolm Brogdon,PG,6-4,229,"December 11, 1992",us,7,Virginia,2024
Rayan Rupert,SG,6-6,205,"May 31, 2004",fr,R,,2024
Justin Minaya  (TW),SF,6-5,210,"March 26, 1999",us,1,,2024
Shaedon Sharpe,SG,6-6,200,"May 30, 2003",ca,1,Kentucky,2024
Dalano Banton,PG,6-9,204,"November 7, 1999",ca,2,Nebraska,2024
Moses Brown,C,7-2,245,"October 13, 1999",us,4,UCLA,2024
Ibou Badji  (TW),C,7-1,240,"October 13, 2002",sn,R,,2024
Ashton Hagans  (TW),PG,6-3,190,"July 8, 1999",us,1,Kentucky,2024
Robert Williams,C,6-9,237,"October 17, 1997",us,5,Texas A&M,2024
Domantas Sabonis,C,6-10,240,"May 3, 1996",us,7,Gonzaga,2024
Harrison Barnes,PF,6-8,225,"May 30, 1992",us,11,UNC,2024
Keegan Murray,SF,6-8,215,"August 19, 2000",us,1,Iowa,2024
De'Aaron Fox,PG,6-3,185,"December 20, 1997",us,6,Kentucky,2024
Malik Monk,SG,6-3,200,"February 4, 1998",us,6,Kentucky,2024
Davion Mitchell,PG,6-2,205,"September 5, 1998",us,2,"Auburn, Baylor",2024
Kevin Huerter,SG,6-7,190,"August 27, 1998",us,5,Maryland,2024
Chris Duarte,SF,6-6,190,"June 13, 1997",do,2,Oregon,2024
Trey Lyles,PF,6-9,234,"November 5, 1995",ca,8,Kentucky,2024
Keon Ellis,SG,6-6,175,"January 8, 2000",us,1,"Florida SouthWestern State College, Alabama",2024
Kessler Edwards,SF,6-8,215,"August 9, 2000",us,2,Pepperdine,2024
Alex Len,C,7-0,250,"June 16, 1993",ua,10,Maryland,2024
JaVale McGee,C,7-0,270,"January 19, 1988",us,15,Nevada,2024
Sasha Vezenkov,PF,6-9,225,"August 6, 1995",cy,R,,2024
Colby Jones,SG,6-6,205,"May 28, 2002",us,R,Xavier,2024
Jalen Slawson  (TW),SF,6-7,215,"October 22, 1999",us,R,Furman University,2024
Jordan Ford  (TW),PG,6-1,175,"May 26, 1998",us,R,Saint Mary's,2024
Mason Jones  (TW),SG,6-4,200,"July 21, 1998",us,2,"Connors State College, Arkansas",2024
Tre Jones,PG,6-1,185,"January 8, 2000",us,3,Duke,2024
Malaki Branham,PG,6-4,180,"May 12, 2003",us,1,Ohio State,2024
Jeremy Sochan,PF,6-8,230,"May 20, 2003",us,1,Baylor,2024
Julian Champagnie,SF,6-8,220,"June 29, 2001",us,1,St. John's,2024
Cedi Osman,SF,6-7,230,"April 8, 1995",mk,6,,2024
Victor Wembanyama,C,7-4,209,"January 4, 2004",fr,R,,2024
Keldon Johnson,SF,6-5,220,"October 11, 1999",us,4,Kentucky,2024
Zach Collins,C,6-11,250,"November 19, 1997",us,5,Gonzaga,2024
Devin Vassell,SG,6-5,200,"August 23, 2000",us,3,Florida State,2024
Blake Wesley,SG,6-5,185,"March 16, 2003",us,1,Notre Dame,2024
Sandro Mamukelashvili,C,6-11,240,"May 23, 1999",us,2,Seton Hall,2024
Dominick Barlow,PF,6-9,221,"May 26, 2003",us,1,,2024
Devonte' Graham,PG,6-1,195,"February 22, 1995",us,5,Kansas,2024
Charles Bassey,C,6-10,235,"October 28, 2000",ng,2,Western Kentucky,2024
Sidy Cissoko,SF,6-8,200,"April 2, 2004",fr,R,,2024
David Duke Jr.  (TW),SG,6-5,205,"October 13, 1999",us,2,Providence,2024
RaiQuan Gray  (TW),PF,6-8,260,"July 7, 1999",us,1,Florida State,2024
Jamaree Bouyea  (TW),PG,6-2,180,"June 27, 1999",us,1,San Francisco,2024
Gary Trent Jr.,SG,6-5,209,"January 18, 1999",us,5,Duke,2024
Scottie Barnes,SG,6-7,227,"August 1, 2001",us,2,Florida State,2024
Gradey Dick,SG,6-6,205,"November 20, 2003",us,R,Kansas,2024
Jakob Poeltl,C,7-0,245,"October 15, 1995",at,7,Utah,2024
Chris Boucher,PF,6-9,200,"January 11, 1993",lc,6,Oregon,2024
Jalen McDaniels,SF,6-9,205,"January 31, 1998",us,4,San Diego State,2024
Immanuel Quickley,PG,6-3,190,"June 17, 1999",us,3,Kentucky,2024
Bruce Brown,PG,6-4,202,"August 15, 1996",us,5,Miami (FL),2024
Jordan Nwora,SF,6-8,225,"September 9, 1998",us,3,Louisville,2024
RJ Barrett,SG,6-6,214,"June 14, 2000",ca,4,Duke,2024
Kelly Olynyk,C,6-11,240,"April 19, 1991",ca,10,Gonzaga,2024
Ochai Agbaji,SG,6-5,215,"April 20, 2000",us,1,Kansas,2024
Garrett Temple,SG,6-5,195,"May 8, 1986",us,13,LSU,2024
Javon Freeman-Liberty,PG,6-4,180,"October 20, 1999",us,R,"Valparaiso, DePaul",2024
Mouhamadou Gueye  (TW),PF,6-9,210,"July 6, 1998",us,R,"Monroe Community College, Stony Brook University, Pitt",2024
Malik Williams,C,6-11,250,"August 26, 1998",us,R,,2024
D.J. Carton  (TW),SG,6-2,200,"August 5, 2000",us,R,"Ohio State, Marquette",2024
Collin Sexton,SG,6-3,190,"January 4, 1999",us,5,Alabama,2024
Keyonte George,PG,6-4,185,"November 8, 2003",us,R,Baylor,2024
John Collins,PF,6-9,235,"September 23, 1997",us,6,Wake Forest,2024
Kris Dunn,PG,6-3,205,"March 18, 1994",us,7,Providence,2024
Walker Kessler,C,7-0,245,"July 26, 2001",us,1,"UNC, Auburn",2024
Lauri Markkanen,PF,7-0,240,"May 22, 1997",fi,6,Arizona,2024
Jordan Clarkson,SG,6-3,194,"June 7, 1992",us,9,"Tulsa, Missouri",2024
Talen Horton-Tucker,PG,6-4,234,"November 25, 2000",us,4,Iowa State,2024
Omer Yurtseven,C,7-0,264,"June 19, 1998",tr,2,"NC State, Georgetown",2024
Luka Šamanić,PF,6-10,227,"January 9, 2000",hr,3,,2024
Taylor Hendricks,PF,6-9,210,"November 22, 2003",us,R,Central Florida,2024
Brice Sensabaugh,SF,6-6,235,"October 30, 2003",us,R,Ohio State,2024
Johnny Juzang  (TW),SG,6-7,215,"March 17, 2001",us,1,"Kentucky, UCLA",2024
Micah Potter  (TW),PF,6-10,248,"April 6, 1998",us,2,"Ohio State, Wisconsin",2024
Kira Lewis Jr.,PG,6-1,170,"April 6, 2001",us,3,Alabama,2024
Jason Preston  (TW),PG,6-4,187,"August 10, 1999",us,1,Ohio University,2024
Darius Bazley,PF,6-8,208,"June 12, 2000",us,4,,2024
Kenneth Lofton Jr.,PF,6-7,275,"August 14, 2002",us,1,Louisiana Tech,2024
Corey Kispert,SF,6-7,220,"March 3, 1999",us,2,Gonzaga,2024
Jordan Poole,SG,6-4,194,"June 19, 1999",us,4,Michigan,2024
Deni Avdija,SF,6-9,210,"January 3, 2001",il,3,,2024
Kyle Kuzma,PF,6-9,221,"July 24, 1995",us,6,Utah,2024
Tyus Jones,PG,6-1,196,"May 10, 1996",us,8,Duke,2024
Bilal Coulibaly,SF,6-6,195,"July 26, 2004",fr,R,,2024
Anthony Gill,PF,6-7,230,"October 17, 1992",us,3,"South Carolina, Virginia",2024
Johnny Davis,SG,6-5,196,"February 27, 2002",us,1,Wisconsin,2024
Landry Shamet,SG,6-4,190,"March 13, 1997",us,5,Wichita State,2024
Eugene Omoruyi,SF,6-7,244,"February 14, 1997",ng,2,"Rutgers University, Oregon",2024
Jared Butler,SG,6-3,195,"August 25, 2000",us,2,Baylor,2024
Patrick Baldwin Jr.,SF,6-9,220,"November 18, 2002",us,1,UW-Milwaukee,2024
Marvin Bagley III,C,6-10,235,"March 14, 1999",us,5,Duke,2024
Jules Bernard  (TW),SG,6-7,210,"January 21, 2000",us,R,UCLA,2024
Richaun Holmes,PF,6-10,235,"October 15, 1993",us,8,Bowling Green,2024
Justin Champagnie  (TW),SF,6-6,200,"June 29, 2001",us,2,Pitt,2024
Tristan Vukcevic,C,7-0,223,"March 11, 2003",it,R,,2024
